Workbook

Sheet Dashboard
B1: ASM PRECONSTRUCTION PIPELINE TRACKER V9 — DASHBOARD
B2: ="All States Mechanical | Data as of: "&TEXT(TODAY(),"mmmm d, yyyy") -> All States Mechanical | Data as of: May 13, 2026
B3: TOTAL BID VOLUME YTD | D3: AWARDED VOLUME YTD | F3: LOST VOLUME YTD | H3: PENDING VOLUME | J3: WIN RATE (BY $)
B4: =IFERROR(SUMIF('Bid Log'!Q:Q,"<>No Bid",'Bid Log'!P:P),0) -> 240963687 | D4: =IFERROR(SUMIF('Bid Log'!Q:Q,"Awarded",'Bid Log'!R:R),0) -> 5240366 | F4: =IFERROR(SUMIF('Bid Log'!Q:Q,"Lost",'Bid Log'!P:P),0) -> 39672921 | H4: =IFERROR(SUMIF('Bid Log'!Q:Q,"Bid Submitted",'Bid Log'!P:P)+SUMIF('Bid Log'!Q:Q,"Budget Submitted",'Bid Log'!P:P)+SUMIF('Bid Log'!Q:Q,"ROM Submitted",'Bid Log'!P:P),0) -> 188708577 | J4: =IFERROR(SUMIF('Bid Log'!Q:Q,"Awarded",'Bid Log'!P:P)/(SUMIF('Bid Log'!Q:Q,"Awarded",'Bid Log'!P:P)+SUMIF('Bid Log'!Q:Q,"Lost",'Bid Log'!P:P)),0) -> 0.14209524
B6: HIGH-PROB PENDING (≥70%) | D6: BIDS DUE NEXT 7 DAYS | F6: FOLLOW-UPS PAST DUE | H6: EXPECTED AWARDS THIS MONTH | J6: WIN RATE (BY COUNT)
B7: =IFERROR(SUMPRODUCT((('Bid Log'!Q:Q="Bid Submitted")+('Bid Log'!Q:Q="Budget Submitted")>0)*('Bid Log'!W:W>=0.7)*'Bid Log'!P:P),0) -> 0 | D7: =IFERROR(COUNTIFS('Bid Log'!L:L,">="&TODAY(),'Bid Log'!L:L,"<="&TODAY()+7,'Bid Log'!Q:Q,"In Progress"),0) -> 0 | F7: =IFERROR(COUNTIF('Bid Log'!AE:AE,"OVERDUE"),0) -> 0 | H7: =IFERROR(COUNTIFS('Bid Log'!V:V,">="&DATE(YEAR(TODAY()),MONTH(TODAY()),1),'Bid Log'!V:V,"<="&EOMONTH(TODAY(),0),'Bid Log'!Q:Q,"Bid Submitted"),0) -> 0 | J7: =IFERROR(COUNTIF('Bid Log'!Q:Q,"Awarded")/(COUNTIF('Bid Log'!Q:Q,"Awarded")+COUNTIF('Bid Log'!Q:Q,"Lost")),0) -> 0.1875
B9: BID VOLUME BY MARKET SEGMENT
B10: Market Segment | E10: # Bids | F10: Bid Volume | H10: # Awarded | I10: # Lost | J10: Awarded $ | L10: Win Rate
B11: Correctional | E11: =COUNTIFS('Bid Log'!E:E,"Correctional",'Bid Log'!Q:Q,"<>No Bid") -> 0 | F11: =IFERROR(SUMIFS('Bid Log'!P:P,'Bid Log'!E:E,"Correctional",'Bid Log'!Q:Q,"<>No Bid"),0) -> 0 | H11: =COUNTIFS('Bid Log'!E:E,"Correctional",'Bid Log'!Q:Q,"Awarded") -> 0 | I11: =COUNTIFS('Bid Log'!E:E,"Correctional",'Bid Log'!Q:Q,"Lost") -> 0 | J11: =IFERROR(SUMIFS('Bid Log'!R:R,'Bid Log'!E:E,"Correctional",'Bid Log'!Q:Q,"Awarded"),0) -> 0 | L11: =IFERROR(H11/(H11+I11),"")
B12: Education | E12: =COUNTIFS('Bid Log'!E:E,"Education",'Bid Log'!Q:Q,"<>No Bid") -> 6 | F12: =IFERROR(SUMIFS('Bid Log'!P:P,'Bid Log'!E:E,"Education",'Bid Log'!Q:Q,"<>No Bid"),0) -> 17443544 | H12: =COUNTIFS('Bid Log'!E:E,"Education",'Bid Log'!Q:Q,"Awarded") -> 0 | I12: =COUNTIFS('Bid Log'!E:E,"Education",'Bid Log'!Q:Q,"Lost") -> 0 | J12: =IFERROR(SUMIFS('Bid Log'!R:R,'Bid Log'!E:E,"Education",'Bid Log'!Q:Q,"Awarded"),0) -> 0 | L12: =IFERROR(H12/(H12+I12),"")
B13: Federal / Government | E13: =COUNTIFS('Bid Log'!E:E,"Federal / Government",'Bid Log'!Q:Q,"<>No Bid") -> 0 | F13: =IFERROR(SUMIFS('Bid Log'!P:P,'Bid Log'!E:E,"Federal / Government",'Bid Log'!Q:Q,"<>No Bid"),0) -> 0 | H13: =COUNTIFS('Bid Log'!E:E,"Federal / Government",'Bid Log'!Q:Q,"Awarded") -> 0 | I13: =COUNTIFS('Bid Log'!E:E,"Federal / Government",'Bid Log'!Q:Q,"Lost") -> 0 | J13: =IFERROR(SUMIFS('Bid Log'!R:R,'Bid Log'!E:E,"Federal / Government",'Bid Log'!Q:Q,"Awarded"),0) -> 0 | L13: =IFERROR(H13/(H13+I13),"")
B14: Food Service | E14: =COUNTIFS('Bid Log'!E:E,"Food Service",'Bid Log'!Q:Q,"<>No Bid") -> 0 | F14: =IFERROR(SUMIFS('Bid Log'!P:P,'Bid Log'!E:E,"Food Service",'Bid Log'!Q:Q,"<>No Bid"),0) -> 0 | H14: =COUNTIFS('Bid Log'!E:E,"Food Service",'Bid Log'!Q:Q,"Awarded") -> 0 | I14: =COUNTIFS('Bid Log'!E:E,"Food Service",'Bid Log'!Q:Q,"Lost") -> 0 | J14: =IFERROR(SUMIFS('Bid Log'!R:R,'Bid Log'!E:E,"Food Service",'Bid Log'!Q:Q,"Awarded"),0) -> 0 | L14: =IFERROR(H14/(H14+I14),"")
B15: Healthcare | E15: =COUNTIFS('Bid Log'!E:E,"Healthcare",'Bid Log'!Q:Q,"<>No Bid") -> 4 | F15: =IFERROR(SUMIFS('Bid Log'!P:P,'Bid Log'!E:E,"Healthcare",'Bid Log'!Q:Q,"<>No Bid"),0) -> 11702023 | H15: =COUNTIFS('Bid Log'!E:E,"Healthcare",'Bid Log'!Q:Q,"Awarded") -> 0 | I15: =COUNTIFS('Bid Log'!E:E,"Healthcare",'Bid Log'!Q:Q,"Lost") -> 1 | J15: =IFERROR(SUMIFS('Bid Log'!R:R,'Bid Log'!E:E,"Healthcare",'Bid Log'!Q:Q,"Awarded"),0) -> 0 | L15: =IFERROR(H15/(H15+I15),"") -> 0
B16: Hotel / Resort | E16: =COUNTIFS('Bid Log'!E:E,"Hotel / Resort",'Bid Log'!Q:Q,"<>No Bid") -> 3 | F16: =IFERROR(SUMIFS('Bid Log'!P:P,'Bid Log'!E:E,"Hotel / Resort",'Bid Log'!Q:Q,"<>No Bid"),0) -> 2343079 | H16: =COUNTIFS('Bid Log'!E:E,"Hotel / Resort",'Bid Log'!Q:Q,"Awarded") -> 0 | I16: =COUNTIFS('Bid Log'!E:E,"Hotel / Resort",'Bid Log'!Q:Q,"Lost") -> 1 | J16: =IFERROR(SUMIFS('Bid Log'!R:R,'Bid Log'!E:E,"Hotel / Resort",'Bid Log'!Q:Q,"Awarded"),0) -> 0 | L16: =IFERROR(H16/(H16+I16),"") -> 0
B17: Industrial / Manufacturing | E17: =COUNTIFS('Bid Log'!E:E,"Industrial / Manufacturing",'Bid Log'!Q:Q,"<>No Bid") -> 1 | F17: =IFERROR(SUMIFS('Bid Log'!P:P,'Bid Log'!E:E,"Industrial / Manufacturing",'Bid Log'!Q:Q,"<>No Bid"),0) -> 1950000 | H17: =COUNTIFS('Bid Log'!E:E,"Industrial / Manufacturing",'Bid Log'!Q:Q,"Awarded") -> 0 | I17: =COUNTIFS('Bid Log'!E:E,"Industrial / Manufacturing",'Bid Log'!Q:Q,"Lost") -> 0 | J17: =IFERROR(SUMIFS('Bid Log'!R:R,'Bid Log'!E:E,"Industrial / Manufacturing",'Bid Log'!Q:Q,"Awarded"),0) -> 0 | L17: =IFERROR(H17/(H17+I17),"")
B18: Mission Critical | E18: =COUNTIFS('Bid Log'!E:E,"Mission Critical",'Bid Log'!Q:Q,"<>No Bid") -> 1 | F18: =IFERROR(SUMIFS('Bid Log'!P:P,'Bid Log'!E:E,"Mission Critical",'Bid Log'!Q:Q,"<>No Bid"),0) -> 12985469 | H18: =COUNTIFS('Bid Log'!E:E,"Mission Critical",'Bid Log'!Q:Q,"Awarded") -> 0 | I18: =COUNTIFS('Bid Log'!E:E,"Mission Critical",'Bid Log'!Q:Q,"Lost") -> 0 | J18: =IFERROR(SUMIFS('Bid Log'!R:R,'Bid Log'!E:E,"Mission Critical",'Bid Log'!Q:Q,"Awarded"),0) -> 0 | L18: =IFERROR(H18/(H18+I18),"")
B19: Multi-Family | E19: =COUNTIFS('Bid Log'!E:E,"Multi-Family",'Bid Log'!Q:Q,"<>No Bid") -> 35 | F19: =IFERROR(SUMIFS('Bid Log'!P:P,'Bid Log'!E:E,"Multi-Family",'Bid Log'!Q:Q,"<>No Bid"),0) -> 175877999 | H19: =COUNTIFS('Bid Log'!E:E,"Multi-Family",'Bid Log'!Q:Q,"Awarded") -> 3 | I19: =COUNTIFS('Bid Log'!E:E,"Multi-Family",'Bid Log'!Q:Q,"Lost") -> 7 | J19: =IFERROR(SUMIFS('Bid Log'!R:R,'Bid Log'!E:E,"Multi-Family",'Bid Log'!Q:Q,"Awarded"),0) -> 5240366 | L19: =IFERROR(H19/(H19+I19),"") -> 0.3
B20: Municipal | E20: =COUNTIFS('Bid Log'!E:E,"Municipal",'Bid Log'!Q:Q,"<>No Bid") -> 3 | F20: =IFERROR(SUMIFS('Bid Log'!P:P,'Bid Log'!E:E,"Municipal",'Bid Log'!Q:Q,"<>No Bid"),0) -> 657224 | H20: =COUNTIFS('Bid Log'!E:E,"Municipal",'Bid Log'!Q:Q,"Awarded") -> 0 | I20: =COUNTIFS('Bid Log'!E:E,"Municipal",'Bid Log'!Q:Q,"Lost") -> 0 | J20: =IFERROR(SUMIFS('Bid Log'!R:R,'Bid Log'!E:E,"Municipal",'Bid Log'!Q:Q,"Awarded"),0) -> 0 | L20: =IFERROR(H20/(H20+I20),"")
B21: Professional Office | E21: =COUNTIFS('Bid Log'!E:E,"Professional Office",'Bid Log'!Q:Q,"<>No Bid") -> 20 | F21: =IFERROR(SUMIFS('Bid Log'!P:P,'Bid Log'!E:E,"Professional Office",'Bid Log'!Q:Q,"<>No Bid"),0) -> 18004349 | H21: =COUNTIFS('Bid Log'!E:E,"Professional Office",'Bid Log'!Q:Q,"Awarded") -> 0 | I21: =COUNTIFS('Bid Log'!E:E,"Professional Office",'Bid Log'!Q:Q,"Lost") -> 4 | J21: =IFERROR(SUMIFS('Bid Log'!R:R,'Bid Log'!E:E,"Professional Office",'Bid Log'!Q:Q,"Awarded"),0) -> 0 | L21: =IFERROR(H21/(H21+I21),"") -> 0
B22: Religious / Cultural | E22: =COUNTIFS('Bid Log'!E:E,"Religious / Cultural",'Bid Log'!Q:Q,"<>No Bid") -> 0 | F22: =IFERROR(SUMIFS('Bid Log'!P:P,'Bid Log'!E:E,"Religious / Cultural",'Bid Log'!Q:Q,"<>No Bid"),0) -> 0 | H22: =COUNTIFS('Bid Log'!E:E,"Religious / Cultural",'Bid Log'!Q:Q,"Awarded") -> 0 | I22: =COUNTIFS('Bid Log'!E:E,"Religious / Cultural",'Bid Log'!Q:Q,"Lost") -> 0 | J22: =IFERROR(SUMIFS('Bid Log'!R:R,'Bid Log'!E:E,"Religious / Cultural",'Bid Log'!Q:Q,"Awarded"),0) -> 0 | L22: =IFERROR(H22/(H22+I22),"")
B23: Retail | E23: =COUNTIFS('Bid Log'!E:E,"Retail",'Bid Log'!Q:Q,"<>No Bid") -> 0 | F23: =IFERROR(SUMIFS('Bid Log'!P:P,'Bid Log'!E:E,"Retail",'Bid Log'!Q:Q,"<>No Bid"),0) -> 0 | H23: =COUNTIFS('Bid Log'!E:E,"Retail",'Bid Log'!Q:Q,"Awarded") -> 0 | I23: =COUNTIFS('Bid Log'!E:E,"Retail",'Bid Log'!Q:Q,"Lost") -> 0 | J23: =IFERROR(SUMIFS('Bid Log'!R:R,'Bid Log'!E:E,"Retail",'Bid Log'!Q:Q,"Awarded"),0) -> 0 | L23: =IFERROR(H23/(H23+I23),"")
B24: Transportation | E24: =COUNTIFS('Bid Log'!E:E,"Transportation",'Bid Log'!Q:Q,"<>No Bid") -> 0 | F24: =IFERROR(SUMIFS('Bid Log'!P:P,'Bid Log'!E:E,"Transportation",'Bid Log'!Q:Q,"<>No Bid"),0) -> 0 | H24: =COUNTIFS('Bid Log'!E:E,"Transportation",'Bid Log'!Q:Q,"Awarded") -> 0 | I24: =COUNTIFS('Bid Log'!E:E,"Transportation",'Bid Log'!Q:Q,"Lost") -> 0 | J24: =IFERROR(SUMIFS('Bid Log'!R:R,'Bid Log'!E:E,"Transportation",'Bid Log'!Q:Q,"Awarded"),0) -> 0 | L24: =IFERROR(H24/(H24+I24),"")
B25: Warehouse / Distribution | E25: =COUNTIFS('Bid Log'!E:E,"Warehouse / Distribution",'Bid Log'!Q:Q,"<>No Bid") -> 0 | F25: =IFERROR(SUMIFS('Bid Log'!P:P,'Bid Log'!E:E,"Warehouse / Distribution",'Bid Log'!Q:Q,"<>No Bid"),0) -> 0 | H25: =COUNTIFS('Bid Log'!E:E,"Warehouse / Distribution",'Bid Log'!Q:Q,"Awarded") -> 0 | I25: =COUNTIFS('Bid Log'!E:E,"Warehouse / Distribution",'Bid Log'!Q:Q,"Lost") -> 0 | J25: =IFERROR(SUMIFS('Bid Log'!R:R,'Bid Log'!E:E,"Warehouse / Distribution",'Bid Log'!Q:Q,"Awarded"),0) -> 0 | L25: =IFERROR(H25/(H25+I25),"")
B27: PLUMB ESTIMATOR WORKLOAD & PERFORMANCE
B28: Plumb Estimator | D28: Active Bids | E28: Active Volume | G28: Awarded | H28: Awarded $ | J28: Lost | K28: Win Rate
B29: Patrick | D29: =COUNTIFS('Bid Log'!I:I,"Patrick",'Bid Log'!Q:Q,"Bid Submitted")+COUNTIFS('Bid Log'!I:I,"Patrick",'Bid Log'!Q:Q,"Budget Submitted")+COUNTIFS('Bid Log'!I:I,"Patrick",'Bid Log'!Q:Q,"In Progress") -> 35 | E29: =IFERROR(SUMIFS('Bid Log'!P:P,'Bid Log'!I:I,"Patrick",'Bid Log'!Q:Q,"Bid Submitted")+SUMIFS('Bid Log'!P:P,'Bid Log'!I:I,"Patrick",'Bid Log'!Q:Q,"Budget Submitted")+SUMIFS('Bid Log'!P:P,'Bid Log'!I:I,"Patrick",'Bid Log'!Q:Q,"In Progress"),0) -> 94086665 | G29: =COUNTIFS('Bid Log'!I:I,"Patrick",'Bid Log'!Q:Q,"Awarded") -> 0 | H29: =IFERROR(SUMIFS('Bid Log'!R:R,'Bid Log'!I:I,"Patrick",'Bid Log'!Q:Q,"Awarded"),0) -> 0 | J29: =COUNTIFS('Bid Log'!I:I,"Patrick",'Bid Log'!Q:Q,"Lost") -> 3 | K29: =IFERROR(G29/(G29+J29),"") -> 0
B30: Cristhian | D30: =COUNTIFS('Bid Log'!I:I,"Cristhian",'Bid Log'!Q:Q,"Bid Submitted")+COUNTIFS('Bid Log'!I:I,"Cristhian",'Bid Log'!Q:Q,"Budget Submitted")+COUNTIFS('Bid Log'!I:I,"Cristhian",'Bid Log'!Q:Q,"In Progress") -> 16 | E30: =IFERROR(SUMIFS('Bid Log'!P:P,'Bid Log'!I:I,"Cristhian",'Bid Log'!Q:Q,"Bid Submitted")+SUMIFS('Bid Log'!P:P,'Bid Log'!I:I,"Cristhian",'Bid Log'!Q:Q,"Budget Submitted")+SUMIFS('Bid Log'!P:P,'Bid Log'!I:I,"Cristhian",'Bid Log'!Q:Q,"In Progress"),0) -> 70533245 | G30: =COUNTIFS('Bid Log'!I:I,"Cristhian",'Bid Log'!Q:Q,"Awarded") -> 3 | H30: =IFERROR(SUMIFS('Bid Log'!R:R,'Bid Log'!I:I,"Cristhian",'Bid Log'!Q:Q,"Awarded"),0) -> 5240366 | J30: =COUNTIFS('Bid Log'!I:I,"Cristhian",'Bid Log'!Q:Q,"Lost") -> 7 | K30: =IFERROR(G30/(G30+J30),"") -> 0.3
B31: Les | D31: =COUNTIFS('Bid Log'!I:I,"Les",'Bid Log'!Q:Q,"Bid Submitted")+COUNTIFS('Bid Log'!I:I,"Les",'Bid Log'!Q:Q,"Budget Submitted")+COUNTIFS('Bid Log'!I:I,"Les",'Bid Log'!Q:Q,"In Progress") -> 4 | E31: =IFERROR(SUMIFS('Bid Log'!P:P,'Bid Log'!I:I,"Les",'Bid Log'!Q:Q,"Bid Submitted")+SUMIFS('Bid Log'!P:P,'Bid Log'!I:I,"Les",'Bid Log'!Q:Q,"Budget Submitted")+SUMIFS('Bid Log'!P:P,'Bid Log'!I:I,"Les",'Bid Log'!Q:Q,"In Progress"),0) -> 16252808 | G31: =COUNTIFS('Bid Log'!I:I,"Les",'Bid Log'!Q:Q,"Awarded") -> 0 | H31: =IFERROR(SUMIFS('Bid Log'!R:R,'Bid Log'!I:I,"Les",'Bid Log'!Q:Q,"Awarded"),0) -> 0 | J31: =COUNTIFS('Bid Log'!I:I,"Les",'Bid Log'!Q:Q,"Lost") -> 2 | K31: =IFERROR(G31/(G31+J31),"") -> 0
B32: Sam | D32: =COUNTIFS('Bid Log'!I:I,"Sam",'Bid Log'!Q:Q,"Bid Submitted")+COUNTIFS('Bid Log'!I:I,"Sam",'Bid Log'!Q:Q,"Budget Submitted")+COUNTIFS('Bid Log'!I:I,"Sam",'Bid Log'!Q:Q,"In Progress") -> 2 | E32: =IFERROR(SUMIFS('Bid Log'!P:P,'Bid Log'!I:I,"Sam",'Bid Log'!Q:Q,"Bid Submitted")+SUMIFS('Bid Log'!P:P,'Bid Log'!I:I,"Sam",'Bid Log'!Q:Q,"Budget Submitted")+SUMIFS('Bid Log'!P:P,'Bid Log'!I:I,"Sam",'Bid Log'!Q:Q,"In Progress"),0) -> 13847000 | G32: =COUNTIFS('Bid Log'!I:I,"Sam",'Bid Log'!Q:Q,"Awarded") -> 0 | H32: =IFERROR(SUMIFS('Bid Log'!R:R,'Bid Log'!I:I,"Sam",'Bid Log'!Q:Q,"Awarded"),0) -> 0 | J32: =COUNTIFS('Bid Log'!I:I,"Sam",'Bid Log'!Q:Q,"Lost") -> 0 | K32: =IFERROR(G32/(G32+J32),"")
B33: No Bid | D33: =COUNTIFS('Bid Log'!I:I,"No Bid",'Bid Log'!Q:Q,"Bid Submitted")+COUNTIFS('Bid Log'!I:I,"No Bid",'Bid Log'!Q:Q,"Budget Submitted")+COUNTIFS('Bid Log'!I:I,"No Bid",'Bid Log'!Q:Q,"In Progress") -> 0 | E33: =IFERROR(SUMIFS('Bid Log'!P:P,'Bid Log'!I:I,"No Bid",'Bid Log'!Q:Q,"Bid Submitted")+SUMIFS('Bid Log'!P:P,'Bid Log'!I:I,"No Bid",'Bid Log'!Q:Q,"Budget Submitted")+SUMIFS('Bid Log'!P:P,'Bid Log'!I:I,"No Bid",'Bid Log'!Q:Q,"In Progress"),0) -> 0 | G33: =COUNTIFS('Bid Log'!I:I,"No Bid",'Bid Log'!Q:Q,"Awarded") -> 0 | H33: =IFERROR(SUMIFS('Bid Log'!R:R,'Bid Log'!I:I,"No Bid",'Bid Log'!Q:Q,"Awarded"),0) -> 0 | J33: =COUNTIFS('Bid Log'!I:I,"No Bid",'Bid Log'!Q:Q,"Lost") -> 0 | K33: =IFERROR(G33/(G33+J33),"")
B35: LOSSES BY REASON
B36: Lost Reason | F36: # Lost | H36: Lost Volume
B37: Price | F37: =COUNTIFS('Bid Log'!U:U,"Price",'Bid Log'!Q:Q,"Lost") -> 3 | H37: =IFERROR(SUMIFS('Bid Log'!P:P,'Bid Log'!U:U,"Price",'Bid Log'!Q:Q,"Lost"),0) -> 20916179
B38: Relationship | F38: =COUNTIFS('Bid Log'!U:U,"Relationship",'Bid Log'!Q:Q,"Lost") -> 1 | H38: =IFERROR(SUMIFS('Bid Log'!P:P,'Bid Log'!U:U,"Relationship",'Bid Log'!Q:Q,"Lost"),0) -> 1084708
B39: Scope Gap | F39: =COUNTIFS('Bid Log'!U:U,"Scope Gap",'Bid Log'!Q:Q,"Lost") -> 0 | H39: =IFERROR(SUMIFS('Bid Log'!P:P,'Bid Log'!U:U,"Scope Gap",'Bid Log'!Q:Q,"Lost"),0) -> 0
B40: Schedule Conflict | F40: =COUNTIFS('Bid Log'!U:U,"Schedule Conflict",'Bid Log'!Q:Q,"Lost") -> 0 | H40: =IFERROR(SUMIFS('Bid Log'!P:P,'Bid Log'!U:U,"Schedule Conflict",'Bid Log'!Q:Q,"Lost"),0) -> 0
B41: No Award | F41: =COUNTIFS('Bid Log'!U:U,"No Award",'Bid Log'!Q:Q,"Lost") -> 0 | H41: =IFERROR(SUMIFS('Bid Log'!P:P,'Bid Log'!U:U,"No Award",'Bid Log'!Q:Q,"Lost"),0) -> 0
B42: Withdrawn by Owner | F42: =COUNTIFS('Bid Log'!U:U,"Withdrawn by Owner",'Bid Log'!Q:Q,"Lost") -> 0 | H42: =IFERROR(SUMIFS('Bid Log'!P:P,'Bid Log'!U:U,"Withdrawn by Owner",'Bid Log'!Q:Q,"Lost"),0) -> 0
B43: Competition Too Strong | F43: =COUNTIFS('Bid Log'!U:U,"Competition Too Strong",'Bid Log'!Q:Q,"Lost") -> 0 | H43: =IFERROR(SUMIFS('Bid Log'!P:P,'Bid Log'!U:U,"Competition Too Strong",'Bid Log'!Q:Q,"Lost"),0) -> 0
B44: Not Qualified | F44: =COUNTIFS('Bid Log'!U:U,"Not Qualified",'Bid Log'!Q:Q,"Lost") -> 0 | H44: =IFERROR(SUMIFS('Bid Log'!P:P,'Bid Log'!U:U,"Not Qualified",'Bid Log'!Q:Q,"Lost"),0) -> 0
B45: Other | F45: =COUNTIFS('Bid Log'!U:U,"Other",'Bid Log'!Q:Q,"Lost") -> 0 | H45: =IFERROR(SUMIFS('Bid Log'!P:P,'Bid Log'!U:U,"Other",'Bid Log'!Q:Q,"Lost"),0) -> 0

Sheet Bid Log
A1: Bid ID | B1: Project Name | C1: General Contractor | D1: Location | E1: Market Segment | F1: Scope Type | G1: Bid Stage | H1: Delivery Method | I1: Plumb Estimator | J1: HVAC Estimator | K1: Bid Received | L1: Bid Due Date | M1: Submitted Date | N1: Plumb Bid ($) | O1: HVAC Bid ($) | P1: Total Bid ($) | Q1: Status | R1: Awarded Amount | S1: Winning Competitor | T1: Competitor Amount | U1: Lost Reason | V1: Expected Award Date | W1: Probability % | X1: Next Follow-Up Date | Y1: Follow-Up Owner | Z1: Last Contact Date | AA1: Notes | AB1: Go/No-Go Score | AC1: Go/No-Go Rec | AD1: Days Pending | AE1: Follow-Up Status | AF1: Data Quality Flag
A2: ASM-2026-001 | B2: SLCC LAB Remodel | C2: Judd | E2: Professional Office | F2: Full Mechanical | G2: Hard Bid | H2: Hard Bid | I2: Patrick | J2: Stephen | K2: 46028.292 | N2: 159751 | O2: 59515 | P2: =IFERROR(IF(AND(N2="",O2=""),"",IFERROR(N2,0)+IFERROR(O2,0)),"") -> 219266 | Q2: Bid Submitted | W2: 0.5 | AA2: GCs: Judd, Stout, Rod-Lewis, Wasatch-West | AB2: =IFERROR(VLOOKUP(A2,'Go-No-Go'!$A:$M,12,0),"") -> 32 | AC2: =IFERROR(VLOOKUP(A2,'Go-No-Go'!$A:$N,14,0),"") -> Go | AD2: =IF(OR(Q2="Bid Submitted",Q2="Budget Submitted",Q2="ROM Submitted",Q2="In Progress"),IF(M2<>"",TODAY()-M2,IF(K2<>"",TODAY()-K2,"")),"") -> 126.70833 | AE2: =IF(AND(OR(Q2="Bid Submitted",Q2="Budget Submitted",Q2="ROM Submitted"),X2<>"",X2<TODAY()),"OVERDUE",IF(AND(OR(Q2="Bid Submitted",Q2="Budget Submitted",Q2="ROM Submitted"),X2<>"",X2<=TODAY()+3),"DUE SOON",IF(AND(OR(Q2="Bid Submitted",Q2="Budget Submitted",Q2="ROM Submitted"),X2=""),"MISSING","OK"))) -> MISSING | AF2: =IF(TRIM(IF(B2="","[Missing Project Name] ","")&IF(C2="","[Missing GC] ","")&IF(I2="","[Missing Plumb Estimator] ","")&IF(AND(Q2<>"In Progress",Q2<>"No Bid",Q2<>"On Hold",P2=""),"[Missing Bid Amount] ","")&IF(AND(Q2="Awarded",R2=""),"[Awarded-No Award Amount] ","")&IF(AND(Q2="Lost",U2=""),"[Lost-No Lost Reason] ","")&IF(AND(OR(Q2="Bid Submitted",Q2="Budget Submitted"),X2=""),"[Pending-No Follow-Up Date] ","")&IF(AND(OR(Q2="Bid Submitted",Q2="Budget Submitted"),Y2=""),"[Pending-No Follow-Up Owner] ","")&IF(AND(L2<>"",L2<TODAY(),OR(Q2="In Progress",Q2="")),"[Bid Due Date Passed] ",""))="","OK",TRIM(IF(B2="","[Missing Project Name] ","")&IF(C2="","[Missing GC] ","")&IF(I2="","[Missing Plumb Estimator] ","")&IF(AND(Q2<>"In Progress",Q2<>"No Bid",Q2<>"On Hold",P2=""),"[Missing Bid Amount] ","")&IF(AND(Q2="Awarded",R2=""),"[Awarded-No Award Amount] ","")&IF(AND(Q2="Lost",U2=""),"[Lost-No Lost Reason] ","")&IF(AND(OR(Q2="Bid Submitted",Q2="Budget Submitted"),X2=""),"[Pending-No Follow-Up Date] ","")&IF(AND(OR(Q2="Bid Submitted",Q2="Budget Submitted"),Y2=""),"[Pending-No Follow-Up Owner] ","")&IF(AND(L2<>"",L2<TODAY(),OR(Q2="In Progress",Q2="")),"[Bid Due Date Passed] ",""))) -> [Pending-No Follow-Up Date] [Pending-No Follow-Up Owner]
A3: ASM-2026-002 | B3: Granary Lofts | C3: Kier | E3: Multi-Family | F3: Full Mechanical | G3: Hard Bid | H3: Hard Bid | I3: Patrick | J3: Stephen | K3: 46031.292 | N3: 1271316 | O3: 1278337 | P3: =IFERROR(IF(AND(N3="",O3=""),"",IFERROR(N3,0)+IFERROR(O3,0)),"") -> 2549653 | Q3: Bid Submitted | W3: 0.5 | AA3: GC: Kier (owner-managed) | AB3: =IFERROR(VLOOKUP(A3,'Go-No-Go'!$A:$M,12,0),"") | AC3: =IFERROR(VLOOKUP(A3,'Go-No-Go'!$A:$N,14,0),"") | AD3: =IF(OR(Q3="Bid Submitted",Q3="Budget Submitted",Q3="ROM Submitted",Q3="In Progress"),IF(M3<>"",TODAY()-M3,IF(K3<>"",TODAY()-K3,"")),"") -> 123.70833 | AE3: =IF(AND(OR(Q3="Bid Submitted",Q3="Budget Submitted",Q3="ROM Submitted"),X3<>"",X3<TODAY()),"OVERDUE",IF(AND(OR(Q3="Bid Submitted",Q3="Budget Submitted",Q3="ROM Submitted"),X3<>"",X3<=TODAY()+3),"DUE SOON",IF(AND(OR(Q3="Bid Submitted",Q3="Budget Submitted",Q3="ROM Submitted"),X3=""),"MISSING","OK"))) -> MISSING | AF3: =IF(TRIM(IF(B3="","[Missing Project Name] ","")&IF(C3="","[Missing GC] ","")&IF(I3="","[Missing Plumb Estimator] ","")&IF(AND(Q3<>"In Progress",Q3<>"No Bid",Q3<>"On Hold",P3=""),"[Missing Bid Amount] ","")&IF(AND(Q3="Awarded",R3=""),"[Awarded-No Award Amount] ","")&IF(AND(Q3="Lost",U3=""),"[Lost-No Lost Reason] ","")&IF(AND(OR(Q3="Bid Submitted",Q3="Budget Submitted"),X3=""),"[Pending-No Follow-Up Date] ","")&IF(AND(OR(Q3="Bid Submitted",Q3="Budget Submitted"),Y3=""),"[Pending-No Follow-Up Owner] ","")&IF(AND(L3<>"",L3<TODAY(),OR(Q3="In Progress",Q3="")),"[Bid Due Date Passed] ",""))="","OK",TRIM(IF(B3="","[Missing Project Name] ","")&IF(C3="","[Missing GC] ","")&IF(I3="","[Missing Plumb Estimator] ","")&IF(AND(Q3<>"In Progress",Q3<>"No Bid",Q3<>"On Hold",P3=""),"[Missing Bid Amount] ","")&IF(AND(Q3="Awarded",R3=""),"[Awarded-No Award Amount] ","")&IF(AND(Q3="Lost",U3=""),"[Lost-No Lost Reason] ","")&IF(AND(OR(Q3="Bid Submitted",Q3="Budget Submitted"),X3=""),"[Pending-No Follow-Up Date] ","")&IF(AND(OR(Q3="Bid Submitted",Q3="Budget Submitted"),Y3=""),"[Pending-No Follow-Up Owner] ","")&IF(AND(L3<>"",L3<TODAY(),OR(Q3="In Progress",Q3="")),"[Bid Due Date Passed] ",""))) -> [Pending-No Follow-Up Date] [Pending-No Follow-Up Owner]
A4: ASM-2026-003 | B4: Everhome Suites | C4: Big-D | E4: Hotel / Resort | F4: Full Mechanical | G4: Hard Bid | H4: Hard Bid | I4: Patrick | J4: Stephen | K4: 46035.292 | N4: 1469827 | O4: 809252 | P4: =IFERROR(IF(AND(N4="",O4=""),"",IFERROR(N4,0)+IFERROR(O4,0)),"") -> 2279079 | Q4: Lost | T4: 1972079 | W4: 0 | Z4: 46147.25 | AA4: GCs: Big-D, Zwick, R&O | AB4: =IFERROR(VLOOKUP(A4,'Go-No-Go'!$A:$M,12,0),"") -> 30 | AC4: =IFERROR(VLOOKUP(A4,'Go-No-Go'!$A:$N,14,0),"") -> Go | AD4: =IF(OR(Q4="Bid Submitted",Q4="Budget Submitted",Q4="ROM Submitted",Q4="In Progress"),IF(M4<>"",TODAY()-M4,IF(K4<>"",TODAY()-K4,"")),"") | AE4: =IF(AND(OR(Q4="Bid Submitted",Q4="Budget Submitted",Q4="ROM Submitted"),X4<>"",X4<TODAY()),"OVERDUE",IF(AND(OR(Q4="Bid Submitted",Q4="Budget Submitted",Q4="ROM Submitted"),X4<>"",X4<=TODAY()+3),"DUE SOON",IF(AND(OR(Q4="Bid Submitted",Q4="Budget Submitted",Q4="ROM Submitted"),X4=""),"MISSING","OK"))) -> OK | AF4: =IF(TRIM(IF(B4="","[Missing Project Name] ","")&IF(C4="","[Missing GC] ","")&IF(I4="","[Missing Plumb Estimator] ","")&IF(AND(Q4<>"In Progress",Q4<>"No Bid",Q4<>"On Hold",P4=""),"[Missing Bid Amount] ","")&IF(AND(Q4="Awarded",R4=""),"[Awarded-No Award Amount] ","")&IF(AND(Q4="Lost",U4=""),"[Lost-No Lost Reason] ","")&IF(AND(OR(Q4="Bid Submitted",Q4="Budget Submitted"),X4=""),"[Pending-No Follow-Up Date] ","")&IF(AND(OR(Q4="Bid Submitted",Q4="Budget Submitted"),Y4=""),"[Pending-No Follow-Up Owner] ","")&IF(AND(L4<>"",L4<TODAY(),OR(Q4="In Progress",Q4="")),"[Bid Due Date Passed] ",""))="","OK",TRIM(IF(B4="","[Missing Project Name] ","")&IF(C4="","[Missing GC] ","")&IF(I4="","[Missing Plumb Estimator] ","")&IF(AND(Q4<>"In Progress",Q4<>"No Bid",Q4<>"On Hold",P4=""),"[Missing Bid Amount] ","")&IF(AND(Q4="Awarded",R4=""),"[Awarded-No Award Amount] ","")&IF(AND(Q4="Lost",U4=""),"[Lost-No Lost Reason] ","")&IF(AND(OR(Q4="Bid Submitted",Q4="Budget Submitted"),X4=""),"[Pending-No Follow-Up Date] ","")&IF(AND(OR(Q4="Bid Submitted",Q4="Budget Submitted"),Y4=""),"[Pending-No Follow-Up Owner] ","")&IF(AND(L4<>"",L4<TODAY(),OR(Q4="In Progress",Q4="")),"[Bid Due Date Passed] ",""))) -> [Lost-No Lost Reason]
A5: ASM-2026-004 | B5: Bluffdale City Admin | C5: Rod-Lewis | D5: Bluffdale, UT | E5: Municipal | F5: Full Mechanical | G5: Hard Bid | H5: Hard Bid | I5: Patrick | J5: Stephen | K5: 46037.292 | N5: 223680 | O5: 92569 | P5: =IFERROR(IF(AND(N5="",O5=""),"",IFERROR(N5,0)+IFERROR(O5,0)),"") -> 316249 | Q5: Bid Submitted | W5: 0.5 | AA5: GCs: Rod-Lewis, Judd, Mahas, Bailey, Silverleaf | AB5: =IFERROR(VLOOKUP(A5,'Go-No-Go'!$A:$M,12,0),"") | AC5: =IFERROR(VLOOKUP(A5,'Go-No-Go'!$A:$N,14,0),"") | AD5: =IF(OR(Q5="Bid Submitted",Q5="Budget Submitted",Q5="ROM Submitted",Q5="In Progress"),IF(M5<>"",TODAY()-M5,IF(K5<>"",TODAY()-K5,"")),"") -> 117.70833 | AE5: =IF(AND(OR(Q5="Bid Submitted",Q5="Budget Submitted",Q5="ROM Submitted"),X5<>"",X5<TODAY()),"OVERDUE",IF(AND(OR(Q5="Bid Submitted",Q5="Budget Submitted",Q5="ROM Submitted"),X5<>"",X5<=TODAY()+3),"DUE SOON",IF(AND(OR(Q5="Bid Submitted",Q5="Budget Submitted",Q5="ROM Submitted"),X5=""),"MISSING","OK"))) -> MISSING | AF5: =IF(TRIM(IF(B5="","[Missing Project Name] ","")&IF(C5="","[Missing GC] ","")&IF(I5="","[Missing Plumb Estimator] ","")&IF(AND(Q5<>"In Progress",Q5<>"No Bid",Q5<>"On Hold",P5=""),"[Missing Bid Amount] ","")&IF(AND(Q5="Awarded",R5=""),"[Awarded-No Award Amount] ","")&IF(AND(Q5="Lost",U5=""),"[Lost-No Lost Reason] ","")&IF(AND(OR(Q5="Bid Submitted",Q5="Budget Submitted"),X5=""),"[Pending-No Follow-Up Date] ","")&IF(AND(OR(Q5="Bid Submitted",Q5="Budget Submitted"),Y5=""),"[Pending-No Follow-Up Owner] ","")&IF(AND(L5<>"",L5<TODAY(),OR(Q5="In Progress",Q5="")),"[Bid Due Date Passed] ",""))="","OK",TRIM(IF(B5="","[Missing Project Name] ","")&IF(C5="","[Missing GC] ","")&IF(I5="","[Missing Plumb Estimator] ","")&IF(AND(Q5<>"In Progress",Q5<>"No Bid",Q5<>"On Hold",P5=""),"[Missing Bid Amount] ","")&IF(AND(Q5="Awarded",R5=""),"[Awarded-No Award Amount] ","")&IF(AND(Q5="Lost",U5=""),"[Lost-No Lost Reason] ","")&IF(AND(OR(Q5="Bid Submitted",Q5="Budget Submitted"),X5=""),"[Pending-No Follow-Up Date] ","")&IF(AND(OR(Q5="Bid Submitted",Q5="Budget Submitted"),Y5=""),"[Pending-No Follow-Up Owner] ","")&IF(AND(L5<>"",L5<TODAY(),OR(Q5="In Progress",Q5="")),"[Bid Due Date Passed] ",""))) -> [Pending-No Follow-Up Date] [Pending-No Follow-Up Owner]
A6: ASM-2026-005 | B6: Crown Apt Remodel | C6: Lotus | E6: Multi-Family | F6: Full Mechanical | G6: Hard Bid | H6: Hard Bid | I6: Patrick | J6: Stephen | K6: 46043.292 | N6: 390920 | O6: 340868 | P6: =IFERROR(IF(AND(N6="",O6=""),"",IFERROR(N6,0)+IFERROR(O6,0)),"") -> 731788 | Q6: Bid Submitted | W6: 0.5 | AB6: =IFERROR(VLOOKUP(A6,'Go-No-Go'!$A:$M,12,0),"") -> 36 | AC6: =IFERROR(VLOOKUP(A6,'Go-No-Go'!$A:$N,14,0),"") -> Go | AD6: =IF(OR(Q6="Bid Submitted",Q6="Budget Submitted",Q6="ROM Submitted",Q6="In Progress"),IF(M6<>"",TODAY()-M6,IF(K6<>"",TODAY()-K6,"")),"") -> 111.70833 | AE6: =IF(AND(OR(Q6="Bid Submitted",Q6="Budget Submitted",Q6="ROM Submitted"),X6<>"",X6<TODAY()),"OVERDUE",IF(AND(OR(Q6="Bid Submitted",Q6="Budget Submitted",Q6="ROM Submitted"),X6<>"",X6<=TODAY()+3),"DUE SOON",IF(AND(OR(Q6="Bid Submitted",Q6="Budget Submitted",Q6="ROM Submitted"),X6=""),"MISSING","OK"))) -> MISSING | AF6: =IF(TRIM(IF(B6="","[Missing Project Name] ","")&IF(C6="","[Missing GC] ","")&IF(I6="","[Missing Plumb Estimator] ","")&IF(AND(Q6<>"In Progress",Q6<>"No Bid",Q6<>"On Hold",P6=""),"[Missing Bid Amount] ","")&IF(AND(Q6="Awarded",R6=""),"[Awarded-No Award Amount] ","")&IF(AND(Q6="Lost",U6=""),"[Lost-No Lost Reason] ","")&IF(AND(OR(Q6="Bid Submitted",Q6="Budget Submitted"),X6=""),"[Pending-No Follow-Up Date] ","")&IF(AND(OR(Q6="Bid Submitted",Q6="Budget Submitted"),Y6=""),"[Pending-No Follow-Up Owner] ","")&IF(AND(L6<>"",L6<TODAY(),OR(Q6="In Progress",Q6="")),"[Bid Due Date Passed] ",""))="","OK",TRIM(IF(B6="","[Missing Project Name] ","")&IF(C6="","[Missing GC] ","")&IF(I6="","[Missing Plumb Estimator] ","")&IF(AND(Q6<>"In Progress",Q6<>"No Bid",Q6<>"On Hold",P6=""),"[Missing Bid Amount] ","")&IF(AND(Q6="Awarded",R6=""),"[Awarded-No Award Amount] ","")&IF(AND(Q6="Lost",U6=""),"[Lost-No Lost Reason] ","")&IF(AND(OR(Q6="Bid Submitted",Q6="Budget Submitted"),X6=""),"[Pending-No Follow-Up Date] ","")&IF(AND(OR(Q6="Bid Submitted",Q6="Budget Submitted"),Y6=""),"[Pending-No Follow-Up Owner] ","")&IF(AND(L6<>"",L6<TODAY(),OR(Q6="In Progress",Q6="")),"[Bid Due Date Passed] ",""))) -> [Pending-No Follow-Up Date] [Pending-No Follow-Up Owner]
A7: ASM-2026-006 | B7: The Collective @ Morning Vista | C7: Robinson | E7: Multi-Family | F7: Full Mechanical | G7: Hard Bid | H7: Hard Bid | I7: Patrick | J7: Stephen | K7: 46043.292 | N7: 1330294 | O7: 880986 | P7: =IFERROR(IF(AND(N7="",O7=""),"",IFERROR(N7,0)+IFERROR(O7,0)),"") -> 2211280 | Q7: Bid Submitted | W7: 0.5 | AA7: GCs: Robinson, R&O | AB7: =IFERROR(VLOOKUP(A7,'Go-No-Go'!$A:$M,12,0),"") | AC7: =IFERROR(VLOOKUP(A7,'Go-No-Go'!$A:$N,14,0),"") | AD7: =IF(OR(Q7="Bid Submitted",Q7="Budget Submitted",Q7="ROM Submitted",Q7="In Progress"),IF(M7<>"",TODAY()-M7,IF(K7<>"",TODAY()-K7,"")),"") -> 111.70833 | AE7: =IF(AND(OR(Q7="Bid Submitted",Q7="Budget Submitted",Q7="ROM Submitted"),X7<>"",X7<TODAY()),"OVERDUE",IF(AND(OR(Q7="Bid Submitted",Q7="Budget Submitted",Q7="ROM Submitted"),X7<>"",X7<=TODAY()+3),"DUE SOON",IF(AND(OR(Q7="Bid Submitted",Q7="Budget Submitted",Q7="ROM Submitted"),X7=""),"MISSING","OK"))) -> MISSING | AF7: =IF(TRIM(IF(B7="","[Missing Project Name] ","")&IF(C7="","[Missing GC] ","")&IF(I7="","[Missing Plumb Estimator] ","")&IF(AND(Q7<>"In Progress",Q7<>"No Bid",Q7<>"On Hold",P7=""),"[Missing Bid Amount] ","")&IF(AND(Q7="Awarded",R7=""),"[Awarded-No Award Amount] ","")&IF(AND(Q7="Lost",U7=""),"[Lost-No Lost Reason] ","")&IF(AND(OR(Q7="Bid Submitted",Q7="Budget Submitted"),X7=""),"[Pending-No Follow-Up Date] ","")&IF(AND(OR(Q7="Bid Submitted",Q7="Budget Submitted"),Y7=""),"[Pending-No Follow-Up Owner] ","")&IF(AND(L7<>"",L7<TODAY(),OR(Q7="In Progress",Q7="")),"[Bid Due Date Passed] ",""))="","OK",TRIM(IF(B7="","[Missing Project Name] ","")&IF(C7="","[Missing GC] ","")&IF(I7="","[Missing Plumb Estimator] ","")&IF(AND(Q7<>"In Progress",Q7<>"No Bid",Q7<>"On Hold",P7=""),"[Missing Bid Amount] ","")&IF(AND(Q7="Awarded",R7=""),"[Awarded-No Award Amount] ","")&IF(AND(Q7="Lost",U7=""),"[Lost-No Lost Reason] ","")&IF(AND(OR(Q7="Bid Submitted",Q7="Budget Submitted"),X7=""),"[Pending-No Follow-Up Date] ","")&IF(AND(OR(Q7="Bid Submitted",Q7="Budget Submitted"),Y7=""),"[Pending-No Follow-Up Owner] ","")&IF(AND(L7<>"",L7<TODAY(),OR(Q7="In Progress",Q7="")),"[Bid Due Date Passed] ",""))) -> [Pending-No Follow-Up Date] [Pending-No Follow-Up Owner]
A8: ASM-2026-007 | B8: Jordan Valley Lots 8, 9, 10 | C8: BCC | D8: West Jordan, UT | E8: Multi-Family | F8: Full Mechanical | G8: Hard Bid | H8: Hard Bid | I8: Patrick | J8: Stephen | K8: 46044.292 | N8: 6376876 | O8: 6874008 | P8: =IFERROR(IF(AND(N8="",O8=""),"",IFERROR(N8,0)+IFERROR(O8,0)),"") -> 13250884 | Q8: Bid Submitted | W8: 0.5 | AA8: GC: BCC | AB8: =IFERROR(VLOOKUP(A8,'Go-No-Go'!$A:$M,12,0),"") -> 26 | AC8: =IFERROR(VLOOKUP(A8,'Go-No-Go'!$A:$N,14,0),"") -> Review | AD8: =IF(OR(Q8="Bid Submitted",Q8="Budget Submitted",Q8="ROM Submitted",Q8="In Progress"),IF(M8<>"",TODAY()-M8,IF(K8<>"",TODAY()-K8,"")),"") -> 110.70833 | AE8: =IF(AND(OR(Q8="Bid Submitted",Q8="Budget Submitted",Q8="ROM Submitted"),X8<>"",X8<TODAY()),"OVERDUE",IF(AND(OR(Q8="Bid Submitted",Q8="Budget Submitted",Q8="ROM Submitted"),X8<>"",X8<=TODAY()+3),"DUE SOON",IF(AND(OR(Q8="Bid Submitted",Q8="Budget Submitted",Q8="ROM Submitted"),X8=""),"MISSING","OK"))) -> MISSING | AF8: =IF(TRIM(IF(B8="","[Missing Project Name] ","")&IF(C8="","[Missing GC] ","")&IF(I8="","[Missing Plumb Estimator] ","")&IF(AND(Q8<>"In Progress",Q8<>"No Bid",Q8<>"On Hold",P8=""),"[Missing Bid Amount] ","")&IF(AND(Q8="Awarded",R8=""),"[Awarded-No Award Amount] ","")&IF(AND(Q8="Lost",U8=""),"[Lost-No Lost Reason] ","")&IF(AND(OR(Q8="Bid Submitted",Q8="Budget Submitted"),X8=""),"[Pending-No Follow-Up Date] ","")&IF(AND(OR(Q8="Bid Submitted",Q8="Budget Submitted"),Y8=""),"[Pending-No Follow-Up Owner] ","")&IF(AND(L8<>"",L8<TODAY(),OR(Q8="In Progress",Q8="")),"[Bid Due Date Passed] ",""))="","OK",TRIM(IF(B8="","[Missing Project Name] ","")&IF(C8="","[Missing GC] ","")&IF(I8="","[Missing Plumb Estimator] ","")&IF(AND(Q8<>"In Progress",Q8<>"No Bid",Q8<>"On Hold",P8=""),"[Missing Bid Amount] ","")&IF(AND(Q8="Awarded",R8=""),"[Awarded-No Award Amount] ","")&IF(AND(Q8="Lost",U8=""),"[Lost-No Lost Reason] ","")&IF(AND(OR(Q8="Bid Submitted",Q8="Budget Submitted"),X8=""),"[Pending-No Follow-Up Date] ","")&IF(AND(OR(Q8="Bid Submitted",Q8="Budget Submitted"),Y8=""),"[Pending-No Follow-Up Owner] ","")&IF(AND(L8<>"",L8<TODAY(),OR(Q8="In Progress",Q8="")),"[Bid Due Date Passed] ",""))) -> [Pending-No Follow-Up Date] [Pending-No Follow-Up Owner]
A9: ASM-2026-008 | B9: Pacific Yard Apt | C9: Kier | E9: Multi-Family | F9: Full Mechanical | G9: Hard Bid | H9: Hard Bid | I9: Patrick | J9: Stephen | K9: 46058.292 | N9: 5398931 | O9: 4298204 | P9: =IFERROR(IF(AND(N9="",O9=""),"",IFERROR(N9,0)+IFERROR(O9,0)),"") -> 9697135 | Q9: Bid Submitted | W9: 0.5 | AA9: GCs: Kier, Headwaters, RVC | AB9: =IFERROR(VLOOKUP(A9,'Go-No-Go'!$A:$M,12,0),"") | AC9: =IFERROR(VLOOKUP(A9,'Go-No-Go'!$A:$N,14,0),"") | AD9: =IF(OR(Q9="Bid Submitted",Q9="Budget Submitted",Q9="ROM Submitted",Q9="In Progress"),IF(M9<>"",TODAY()-M9,IF(K9<>"",TODAY()-K9,"")),"") -> 96.708333 | AE9: =IF(AND(OR(Q9="Bid Submitted",Q9="Budget Submitted",Q9="ROM Submitted"),X9<>"",X9<TODAY()),"OVERDUE",IF(AND(OR(Q9="Bid Submitted",Q9="Budget Submitted",Q9="ROM Submitted"),X9<>"",X9<=TODAY()+3),"DUE SOON",IF(AND(OR(Q9="Bid Submitted",Q9="Budget Submitted",Q9="ROM Submitted"),X9=""),"MISSING","OK"))) -> MISSING | AF9: =IF(TRIM(IF(B9="","[Missing Project Name] ","")&IF(C9="","[Missing GC] ","")&IF(I9="","[Missing Plumb Estimator] ","")&IF(AND(Q9<>"In Progress",Q9<>"No Bid",Q9<>"On Hold",P9=""),"[Missing Bid Amount] ","")&IF(AND(Q9="Awarded",R9=""),"[Awarded-No Award Amount] ","")&IF(AND(Q9="Lost",U9=""),"[Lost-No Lost Reason] ","")&IF(AND(OR(Q9="Bid Submitted",Q9="Budget Submitted"),X9=""),"[Pending-No Follow-Up Date] ","")&IF(AND(OR(Q9="Bid Submitted",Q9="Budget Submitted"),Y9=""),"[Pending-No Follow-Up Owner] ","")&IF(AND(L9<>"",L9<TODAY(),OR(Q9="In Progress",Q9="")),"[Bid Due Date Passed] ",""))="","OK",TRIM(IF(B9="","[Missing Project Name] ","")&IF(C9="","[Missing GC] ","")&IF(I9="","[Missing Plumb Estimator] ","")&IF(AND(Q9<>"In Progress",Q9<>"No Bid",Q9<>"On Hold",P9=""),"[Missing Bid Amount] ","")&IF(AND(Q9="Awarded",R9=""),"[Awarded-No Award Amount] ","")&IF(AND(Q9="Lost",U9=""),"[Lost-No Lost Reason] ","")&IF(AND(OR(Q9="Bid Submitted",Q9="Budget Submitted"),X9=""),"[Pending-No Follow-Up Date] ","")&IF(AND(OR(Q9="Bid Submitted",Q9="Budget Submitted"),Y9=""),"[Pending-No Follow-Up Owner] ","")&IF(AND(L9<>"",L9<TODAY(),OR(Q9="In Progress",Q9="")),"[Bid Due Date Passed] ",""))) -> [Pending-No Follow-Up Date] [Pending-No Follow-Up Owner]
A10: ASM-2026-009 | B10: Antelope Station | C10: Revival Development | E10: Municipal | F10: Full Mechanical | G10: Hard Bid | H10: Hard Bid | I10: Patrick | J10: Stephen | K10: 46050.292 | N10: 43556 | O10: 80889 | P10: =IFERROR(IF(AND(N10="",O10=""),"",IFERROR(N10,0)+IFERROR(O10,0)),"") -> 124445 | Q10: Bid Submitted | W10: 0.5 | AB10: =IFERROR(VLOOKUP(A10,'Go-No-Go'!$A:$M,12,0),"") -> 29 | AC10: =IFERROR(VLOOKUP(A10,'Go-No-Go'!$A:$N,14,0),"") -> Go | AD10: =IF(OR(Q10="Bid Submitted",Q10="Budget Submitted",Q10="ROM Submitted",Q10="In Progress"),IF(M10<>"",TODAY()-M10,IF(K10<>"",TODAY()-K10,"")),"") -> 104.70833 | AE10: =IF(AND(OR(Q10="Bid Submitted",Q10="Budget Submitted",Q10="ROM Submitted"),X10<>"",X10<TODAY()),"OVERDUE",IF(AND(OR(Q10="Bid Submitted",Q10="Budget Submitted",Q10="ROM Submitted"),X10<>"",X10<=TODAY()+3),"DUE SOON",IF(AND(OR(Q10="Bid Submitted",Q10="Budget Submitted",Q10="ROM Submitted"),X10=""),"MISSING","OK"))) -> MISSING | AF10: =IF(TRIM(IF(B10="","[Missing Project Name] ","")&IF(C10="","[Missing GC] ","")&IF(I10="","[Missing Plumb Estimator] ","")&IF(AND(Q10<>"In Progress",Q10<>"No Bid",Q10<>"On Hold",P10=""),"[Missing Bid Amount] ","")&IF(AND(Q10="Awarded",R10=""),"[Awarded-No Award Amount] ","")&IF(AND(Q10="Lost",U10=""),"[Lost-No Lost Reason] ","")&IF(AND(OR(Q10="Bid Submitted",Q10="Budget Submitted"),X10=""),"[Pending-No Follow-Up Date] ","")&IF(AND(OR(Q10="Bid Submitted",Q10="Budget Submitted"),Y10=""),"[Pending-No Follow-Up Owner] ","")&IF(AND(L10<>"",L10<TODAY(),OR(Q10="In Progress",Q10="")),"[Bid Due Date Passed] ",""))="","OK",TRIM(IF(B10="","[Missing Project Name] ","")&IF(C10="","[Missing GC] ","")&IF(I10="","[Missing Plumb Estimator] ","")&IF(AND(Q10<>"In Progress",Q10<>"No Bid",Q10<>"On Hold",P10=""),"[Missing Bid Amount] ","")&IF(AND(Q10="Awarded",R10=""),"[Awarded-No Award Amount] ","")&IF(AND(Q10="Lost",U10=""),"[Lost-No Lost Reason] ","")&IF(AND(OR(Q10="Bid Submitted",Q10="Budget Submitted"),X10=""),"[Pending-No Follow-Up Date] ","")&IF(AND(OR(Q10="Bid Submitted",Q10="Budget Submitted"),Y10=""),"[Pending-No Follow-Up Owner] ","")&IF(AND(L10<>"",L10<TODAY(),OR(Q10="In Progress",Q10="")),"[Bid Due Date Passed] ",""))) -> [Pending-No Follow-Up Date] [Pending-No Follow-Up Owner]
A11: ASM-2026-010 | B11: Red Sky Apt | C11: BCC | E11: Multi-Family | F11: Full Mechanical | G11: Hard Bid | H11: Hard Bid | I11: Patrick | J11: Stephen | K11: 46056.292 | N11: 3166896 | O11: 3511430 | P11: =IFERROR(IF(AND(N11="",O11=""),"",IFERROR(N11,0)+IFERROR(O11,0)),"") -> 6678326 | Q11: Bid Submitted | W11: 0.5 | AA11: GC: BCC (owner-managed) | AB11: =IFERROR(VLOOKUP(A11,'Go-No-Go'!$A:$M,12,0),"") | AC11: =IFERROR(VLOOKUP(A11,'Go-No-Go'!$A:$N,14,0),"") | AD11: =IF(OR(Q11="Bid Submitted",Q11="Budget Submitted",Q11="ROM Submitted",Q11="In Progress"),IF(M11<>"",TODAY()-M11,IF(K11<>"",TODAY()-K11,"")),"") -> 98.708333 | AE11: =IF(AND(OR(Q11="Bid Submitted",Q11="Budget Submitted",Q11="ROM Submitted"),X11<>"",X11<TODAY()),"OVERDUE",IF(AND(OR(Q11="Bid Submitted",Q11="Budget Submitted",Q11="ROM Submitted"),X11<>"",X11<=TODAY()+3),"DUE SOON",IF(AND(OR(Q11="Bid Submitted",Q11="Budget Submitted",Q11="ROM Submitted"),X11=""),"MISSING","OK"))) -> MISSING | AF11: =IF(TRIM(IF(B11="","[Missing Project Name] ","")&IF(C11="","[Missing GC] ","")&IF(I11="","[Missing Plumb Estimator] ","")&IF(AND(Q11<>"In Progress",Q11<>"No Bid",Q11<>"On Hold",P11=""),"[Missing Bid Amount] ","")&IF(AND(Q11="Awarded",R11=""),"[Awarded-No Award Amount] ","")&IF(AND(Q11="Lost",U11=""),"[Lost-No Lost Reason] ","")&IF(AND(OR(Q11="Bid Submitted",Q11="Budget Submitted"),X11=""),"[Pending-No Follow-Up Date] ","")&IF(AND(OR(Q11="Bid Submitted",Q11="Budget Submitted"),Y11=""),"[Pending-No Follow-Up Owner] ","")&IF(AND(L11<>"",L11<TODAY(),OR(Q11="In Progress",Q11="")),"[Bid Due Date Passed] ",""))="","OK",TRIM(IF(B11="","[Missing Project Name] ","")&IF(C11="","[Missing GC] ","")&IF(I11="","[Missing Plumb Estimator] ","")&IF(AND(Q11<>"In Progress",Q11<>"No Bid",Q11<>"On Hold",P11=""),"[Missing Bid Amount] ","")&IF(AND(Q11="Awarded",R11=""),"[Awarded-No Award Amount] ","")&IF(AND(Q11="Lost",U11=""),"[Lost-No Lost Reason] ","")&IF(AND(OR(Q11="Bid Submitted",Q11="Budget Submitted"),X11=""),"[Pending-No Follow-Up Date] ","")&IF(AND(OR(Q11="Bid Submitted",Q11="Budget Submitted"),Y11=""),"[Pending-No Follow-Up Owner] ","")&IF(AND(L11<>"",L11<TODAY(),OR(Q11="In Progress",Q11="")),"[Bid Due Date Passed] ",""))) -> [Pending-No Follow-Up Date] [Pending-No Follow-Up Owner]
A12: ASM-2026-011 | B12: HH Parking Structure | C12: Wadman | E12: Professional Office | F12: Plumbing Only | G12: Hard Bid | H12: Hard Bid | I12: Patrick | J12: No Bid | K12: 46051.292 | N12: 167139 | P12: =IFERROR(IF(AND(N12="",O12=""),"",IFERROR(N12,0)+IFERROR(O12,0)),"") -> 167139 | Q12: Bid Submitted | W12: 0.5 | AA12: GCs: Wadman, Forge | AB12: =IFERROR(VLOOKUP(A12,'Go-No-Go'!$A:$M,12,0),"") -> 26 | AC12: =IFERROR(VLOOKUP(A12,'Go-No-Go'!$A:$N,14,0),"") -> Review | AD12: =IF(OR(Q12="Bid Submitted",Q12="Budget Submitted",Q12="ROM Submitted",Q12="In Progress"),IF(M12<>"",TODAY()-M12,IF(K12<>"",TODAY()-K12,"")),"") -> 103.70833 | AE12: =IF(AND(OR(Q12="Bid Submitted",Q12="Budget Submitted",Q12="ROM Submitted"),X12<>"",X12<TODAY()),"OVERDUE",IF(AND(OR(Q12="Bid Submitted",Q12="Budget Submitted",Q12="ROM Submitted"),X12<>"",X12<=TODAY()+3),"DUE SOON",IF(AND(OR(Q12="Bid Submitted",Q12="Budget Submitted",Q12="ROM Submitted"),X12=""),"MISSING","OK"))) -> MISSING | AF12: =IF(TRIM(IF(B12="","[Missing Project Name] ","")&IF(C12="","[Missing GC] ","")&IF(I12="","[Missing Plumb Estimator] ","")&IF(AND(Q12<>"In Progress",Q12<>"No Bid",Q12<>"On Hold",P12=""),"[Missing Bid Amount] ","")&IF(AND(Q12="Awarded",R12=""),"[Awarded-No Award Amount] ","")&IF(AND(Q12="Lost",U12=""),"[Lost-No Lost Reason] ","")&IF(AND(OR(Q12="Bid Submitted",Q12="Budget Submitted"),X12=""),"[Pending-No Follow-Up Date] ","")&IF(AND(OR(Q12="Bid Submitted",Q12="Budget Submitted"),Y12=""),"[Pending-No Follow-Up Owner] ","")&IF(AND(L12<>"",L12<TODAY(),OR(Q12="In Progress",Q12="")),"[Bid Due Date Passed] ",""))="","OK",TRIM(IF(B12="","[Missing Project Name] ","")&IF(C12="","[Missing GC] ","")&IF(I12="","[Missing Plumb Estimator] ","")&IF(AND(Q12<>"In Progress",Q12<>"No Bid",Q12<>"On Hold",P12=""),"[Missing Bid Amount] ","")&IF(AND(Q12="Awarded",R12=""),"[Awarded-No Award Amount] ","")&IF(AND(Q12="Lost",U12=""),"[Lost-No Lost Reason] ","")&IF(AND(OR(Q12="Bid Submitted",Q12="Budget Submitted"),X12=""),"[Pending-No Follow-Up Date] ","")&IF(AND(OR(Q12="Bid Submitted",Q12="Budget Submitted"),Y12=""),"[Pending-No Follow-Up Owner] ","")&IF(AND(L12<>"",L12<TODAY(),OR(Q12="In Progress",Q12="")),"[Bid Due Date Passed] ",""))) -> [Pending-No Follow-Up Date] [Pending-No Follow-Up Owner]
A13: ASM-2026-012 | B13: The Royce | C13: Wadman | E13: Multi-Family | F13: Full Mechanical | G13: Hard Bid | H13: Hard Bid | I13: Patrick | J13: Stephen | K13: 46051.292 | N13: 4134360 | O13: 4534706 | P13: =IFERROR(IF(AND(N13="",O13=""),"",IFERROR(N13,0)+IFERROR(O13,0)),"") -> 8669066 | Q13: Bid Submitted | W13: 0.5 | AA13: GC: Wadman | AB13: =IFERROR(VLOOKUP(A13,'Go-No-Go'!$A:$M,12,0),"") -> 29 | AC13: =IFERROR(VLOOKUP(A13,'Go-No-Go'!$A:$N,14,0),"") -> Go | AD13: =IF(OR(Q13="Bid Submitted",Q13="Budget Submitted",Q13="ROM Submitted",Q13="In Progress"),IF(M13<>"",TODAY()-M13,IF(K13<>"",TODAY()-K13,"")),"") -> 103.70833 | AE13: =IF(AND(OR(Q13="Bid Submitted",Q13="Budget Submitted",Q13="ROM Submitted"),X13<>"",X13<TODAY()),"OVERDUE",IF(AND(OR(Q13="Bid Submitted",Q13="Budget Submitted",Q13="ROM Submitted"),X13<>"",X13<=TODAY()+3),"DUE SOON",IF(AND(OR(Q13="Bid Submitted",Q13="Budget Submitted",Q13="ROM Submitted"),X13=""),"MISSING","OK"))) -> MISSING | AF13: =IF(TRIM(IF(B13="","[Missing Project Name] ","")&IF(C13="","[Missing GC] ","")&IF(I13="","[Missing Plumb Estimator] ","")&IF(AND(Q13<>"In Progress",Q13<>"No Bid",Q13<>"On Hold",P13=""),"[Missing Bid Amount] ","")&IF(AND(Q13="Awarded",R13=""),"[Awarded-No Award Amount] ","")&IF(AND(Q13="Lost",U13=""),"[Lost-No Lost Reason] ","")&IF(AND(OR(Q13="Bid Submitted",Q13="Budget Submitted"),X13=""),"[Pending-No Follow-Up Date] ","")&IF(AND(OR(Q13="Bid Submitted",Q13="Budget Submitted"),Y13=""),"[Pending-No Follow-Up Owner] ","")&IF(AND(L13<>"",L13<TODAY(),OR(Q13="In Progress",Q13="")),"[Bid Due Date Passed] ",""))="","OK",TRIM(IF(B13="","[Missing Project Name] ","")&IF(C13="","[Missing GC] ","")&IF(I13="","[Missing Plumb Estimator] ","")&IF(AND(Q13<>"In Progress",Q13<>"No Bid",Q13<>"On Hold",P13=""),"[Missing Bid Amount] ","")&IF(AND(Q13="Awarded",R13=""),"[Awarded-No Award Amount] ","")&IF(AND(Q13="Lost",U13=""),"[Lost-No Lost Reason] ","")&IF(AND(OR(Q13="Bid Submitted",Q13="Budget Submitted"),X13=""),"[Pending-No Follow-Up Date] ","")&IF(AND(OR(Q13="Bid Submitted",Q13="Budget Submitted"),Y13=""),"[Pending-No Follow-Up Owner] ","")&IF(AND(L13<>"",L13<TODAY(),OR(Q13="In Progress",Q13="")),"[Bid Due Date Passed] ",""))) -> [Pending-No Follow-Up Date] [Pending-No Follow-Up Owner]
A14: ASM-2026-013 | B14: Crossroads Urban Center | C14: Cameron | E14: Professional Office | F14: Full Mechanical | G14: Hard Bid | H14: Hard Bid | I14: Patrick | J14: Stephen | K14: 46058.292 | N14: 205754 | O14: 130206 | P14: =IFERROR(IF(AND(N14="",O14=""),"",IFERROR(N14,0)+IFERROR(O14,0)),"") -> 335960 | Q14: Bid Submitted | W14: 0.5 | AA14: GC: Cameron | AB14: =IFERROR(VLOOKUP(A14,'Go-No-Go'!$A:$M,12,0),"") -> 30 | AC14: =IFERROR(VLOOKUP(A14,'Go-No-Go'!$A:$N,14,0),"") -> Go | AD14: =IF(OR(Q14="Bid Submitted",Q14="Budget Submitted",Q14="ROM Submitted",Q14="In Progress"),IF(M14<>"",TODAY()-M14,IF(K14<>"",TODAY()-K14,"")),"") -> 96.708333 | AE14: =IF(AND(OR(Q14="Bid Submitted",Q14="Budget Submitted",Q14="ROM Submitted"),X14<>"",X14<TODAY()),"OVERDUE",IF(AND(OR(Q14="Bid Submitted",Q14="Budget Submitted",Q14="ROM Submitted"),X14<>"",X14<=TODAY()+3),"DUE SOON",IF(AND(OR(Q14="Bid Submitted",Q14="Budget Submitted",Q14="ROM Submitted"),X14=""),"MISSING","OK"))) -> MISSING | AF14: =IF(TRIM(IF(B14="","[Missing Project Name] ","")&IF(C14="","[Missing GC] ","")&IF(I14="","[Missing Plumb Estimator] ","")&IF(AND(Q14<>"In Progress",Q14<>"No Bid",Q14<>"On Hold",P14=""),"[Missing Bid Amount] ","")&IF(AND(Q14="Awarded",R14=""),"[Awarded-No Award Amount] ","")&IF(AND(Q14="Lost",U14=""),"[Lost-No Lost Reason] ","")&IF(AND(OR(Q14="Bid Submitted",Q14="Budget Submitted"),X14=""),"[Pending-No Follow-Up Date] ","")&IF(AND(OR(Q14="Bid Submitted",Q14="Budget Submitted"),Y14=""),"[Pending-No Follow-Up Owner] ","")&IF(AND(L14<>"",L14<TODAY(),OR(Q14="In Progress",Q14="")),"[Bid Due Date Passed] ",""))="","OK",TRIM(IF(B14="","[Missing Project Name] ","")&IF(C14="","[Missing GC] ","")&IF(I14="","[Missing Plumb Estimator] ","")&IF(AND(Q14<>"In Progress",Q14<>"No Bid",Q14<>"On Hold",P14=""),"[Missing Bid Amount] ","")&IF(AND(Q14="Awarded",R14=""),"[Awarded-No Award Amount] ","")&IF(AND(Q14="Lost",U14=""),"[Lost-No Lost Reason] ","")&IF(AND(OR(Q14="Bid Submitted",Q14="Budget Submitted"),X14=""),"[Pending-No Follow-Up Date] ","")&IF(AND(OR(Q14="Bid Submitted",Q14="Budget Submitted"),Y14=""),"[Pending-No Follow-Up Owner] ","")&IF(AND(L14<>"",L14<TODAY(),OR(Q14="In Progress",Q14="")),"[Bid Due Date Passed] ",""))) -> [Pending-No Follow-Up Date] [Pending-No Follow-Up Owner]
A15: ASM-2026-014 | B15: Mojave Crossing | C15: EK Bailey | E15: Multi-Family | F15: Full Mechanical | G15: Hard Bid | H15: Hard Bid | I15: Patrick | J15: Stephen | K15: 46049.292 | N15: 1332893 | O15: 778874 | P15: =IFERROR(IF(AND(N15="",O15=""),"",IFERROR(N15,0)+IFERROR(O15,0)),"") -> 2111767 | Q15: Bid Submitted | W15: 0.5 | AA15: GC: EK Bailey | AB15: =IFERROR(VLOOKUP(A15,'Go-No-Go'!$A:$M,12,0),"") | AC15: =IFERROR(VLOOKUP(A15,'Go-No-Go'!$A:$N,14,0),"") | AD15: =IF(OR(Q15="Bid Submitted",Q15="Budget Submitted",Q15="ROM Submitted",Q15="In Progress"),IF(M15<>"",TODAY()-M15,IF(K15<>"",TODAY()-K15,"")),"") -> 105.70833 | AE15: =IF(AND(OR(Q15="Bid Submitted",Q15="Budget Submitted",Q15="ROM Submitted"),X15<>"",X15<TODAY()),"OVERDUE",IF(AND(OR(Q15="Bid Submitted",Q15="Budget Submitted",Q15="ROM Submitted"),X15<>"",X15<=TODAY()+3),"DUE SOON",IF(AND(OR(Q15="Bid Submitted",Q15="Budget Submitted",Q15="ROM Submitted"),X15=""),"MISSING","OK"))) -> MISSING | AF15: =IF(TRIM(IF(B15="","[Missing Project Name] ","")&IF(C15="","[Missing GC] ","")&IF(I15="","[Missing Plumb Estimator] ","")&IF(AND(Q15<>"In Progress",Q15<>"No Bid",Q15<>"On Hold",P15=""),"[Missing Bid Amount] ","")&IF(AND(Q15="Awarded",R15=""),"[Awarded-No Award Amount] ","")&IF(AND(Q15="Lost",U15=""),"[Lost-No Lost Reason] ","")&IF(AND(OR(Q15="Bid Submitted",Q15="Budget Submitted"),X15=""),"[Pending-No Follow-Up Date] ","")&IF(AND(OR(Q15="Bid Submitted",Q15="Budget Submitted"),Y15=""),"[Pending-No Follow-Up Owner] ","")&IF(AND(L15<>"",L15<TODAY(),OR(Q15="In Progress",Q15="")),"[Bid Due Date Passed] ",""))="","OK",TRIM(IF(B15="","[Missing Project Name] ","")&IF(C15="","[Missing GC] ","")&IF(I15="","[Missing Plumb Estimator] ","")&IF(AND(Q15<>"In Progress",Q15<>"No Bid",Q15<>"On Hold",P15=""),"[Missing Bid Amount] ","")&IF(AND(Q15="Awarded",R15=""),"[Awarded-No Award Amount] ","")&IF(AND(Q15="Lost",U15=""),"[Lost-No Lost Reason] ","")&IF(AND(OR(Q15="Bid Submitted",Q15="Budget Submitted"),X15=""),"[Pending-No Follow-Up Date] ","")&IF(AND(OR(Q15="Bid Submitted",Q15="Budget Submitted"),Y15=""),"[Pending-No Follow-Up Owner] ","")&IF(AND(L15<>"",L15<TODAY(),OR(Q15="In Progress",Q15="")),"[Bid Due Date Passed] ",""))) -> [Pending-No Follow-Up Date] [Pending-No Follow-Up Owner]
A16: ASM-2026-015 | B16: Goodyear Flex Bldg | C16: Campbell | D16: Goodyear, AZ | E16: Professional Office | F16: Full Mechanical | G16: Hard Bid | H16: Hard Bid | I16: Patrick | J16: Stephen | K16: 46063.292 | N16: 114514 | O16: 72736 | P16: =IFERROR(IF(AND(N16="",O16=""),"",IFERROR(N16,0)+IFERROR(O16,0)),"") -> 187250 | Q16: Bid Submitted | W16: 0.5 | AA16: GC: Campbell | AB16: =IFERROR(VLOOKUP(A16,'Go-No-Go'!$A:$M,12,0),"") -> 26 | AC16: =IFERROR(VLOOKUP(A16,'Go-No-Go'!$A:$N,14,0),"") -> Review | AD16: =IF(OR(Q16="Bid Submitted",Q16="Budget Submitted",Q16="ROM Submitted",Q16="In Progress"),IF(M16<>"",TODAY()-M16,IF(K16<>"",TODAY()-K16,"")),"") -> 91.708333 | AE16: =IF(AND(OR(Q16="Bid Submitted",Q16="Budget Submitted",Q16="ROM Submitted"),X16<>"",X16<TODAY()),"OVERDUE",IF(AND(OR(Q16="Bid Submitted",Q16="Budget Submitted",Q16="ROM Submitted"),X16<>"",X16<=TODAY()+3),"DUE SOON",IF(AND(OR(Q16="Bid Submitted",Q16="Budget Submitted",Q16="ROM Submitted"),X16=""),"MISSING","OK"))) -> MISSING | AF16: =IF(TRIM(IF(B16="","[Missing Project Name] ","")&IF(C16="","[Missing GC] ","")&IF(I16="","[Missing Plumb Estimator] ","")&IF(AND(Q16<>"In Progress",Q16<>"No Bid",Q16<>"On Hold",P16=""),"[Missing Bid Amount] ","")&IF(AND(Q16="Awarded",R16=""),"[Awarded-No Award Amount] ","")&IF(AND(Q16="Lost",U16=""),"[Lost-No Lost Reason] ","")&IF(AND(OR(Q16="Bid Submitted",Q16="Budget Submitted"),X16=""),"[Pending-No Follow-Up Date] ","")&IF(AND(OR(Q16="Bid Submitted",Q16="Budget Submitted"),Y16=""),"[Pending-No Follow-Up Owner] ","")&IF(AND(L16<>"",L16<TODAY(),OR(Q16="In Progress",Q16="")),"[Bid Due Date Passed] ",""))="","OK",TRIM(IF(B16="","[Missing Project Name] ","")&IF(C16="","[Missing GC] ","")&IF(I16="","[Missing Plumb Estimator] ","")&IF(AND(Q16<>"In Progress",Q16<>"No Bid",Q16<>"On Hold",P16=""),"[Missing Bid Amount] ","")&IF(AND(Q16="Awarded",R16=""),"[Awarded-No Award Amount] ","")&IF(AND(Q16="Lost",U16=""),"[Lost-No Lost Reason] ","")&IF(AND(OR(Q16="Bid Submitted",Q16="Budget Submitted"),X16=""),"[Pending-No Follow-Up Date] ","")&IF(AND(OR(Q16="Bid Submitted",Q16="Budget Submitted"),Y16=""),"[Pending-No Follow-Up Owner] ","")&IF(AND(L16<>"",L16<TODAY(),OR(Q16="In Progress",Q16="")),"[Bid Due Date Passed] ",""))) -> [Pending-No Follow-Up Date] [Pending-No Follow-Up Owner]
A17: ASM-2026-016 | B17: Salt Lake Excavating | C17: Campbell | D17: Salt Lake City, UT | E17: Professional Office | F17: Full Mechanical | G17: Hard Bid | H17: Hard Bid | I17: Patrick | J17: Stephen | K17: 46071.292 | N17: 339849 | O17: 276430 | P17: =IFERROR(IF(AND(N17="",O17=""),"",IFERROR(N17,0)+IFERROR(O17,0)),"") -> 616279 | Q17: Bid Submitted | W17: 0.5 | AA17: GC: Campbell | AB17: =IFERROR(VLOOKUP(A17,'Go-No-Go'!$A:$M,12,0),"") | AC17: =IFERROR(VLOOKUP(A17,'Go-No-Go'!$A:$N,14,0),"") | AD17: =IF(OR(Q17="Bid Submitted",Q17="Budget Submitted",Q17="ROM Submitted",Q17="In Progress"),IF(M17<>"",TODAY()-M17,IF(K17<>"",TODAY()-K17,"")),"") -> 83.708333 | AE17: =IF(AND(OR(Q17="Bid Submitted",Q17="Budget Submitted",Q17="ROM Submitted"),X17<>"",X17<TODAY()),"OVERDUE",IF(AND(OR(Q17="Bid Submitted",Q17="Budget Submitted",Q17="ROM Submitted"),X17<>"",X17<=TODAY()+3),"DUE SOON",IF(AND(OR(Q17="Bid Submitted",Q17="Budget Submitted",Q17="ROM Submitted"),X17=""),"MISSING","OK"))) -> MISSING | AF17: =IF(TRIM(IF(B17="","[Missing Project Name] ","")&IF(C17="","[Missing GC] ","")&IF(I17="","[Missing Plumb Estimator] ","")&IF(AND(Q17<>"In Progress",Q17<>"No Bid",Q17<>"On Hold",P17=""),"[Missing Bid Amount] ","")&IF(AND(Q17="Awarded",R17=""),"[Awarded-No Award Amount] ","")&IF(AND(Q17="Lost",U17=""),"[Lost-No Lost Reason] ","")&IF(AND(OR(Q17="Bid Submitted",Q17="Budget Submitted"),X17=""),"[Pending-No Follow-Up Date] ","")&IF(AND(OR(Q17="Bid Submitted",Q17="Budget Submitted"),Y17=""),"[Pending-No Follow-Up Owner] ","")&IF(AND(L17<>"",L17<TODAY(),OR(Q17="In Progress",Q17="")),"[Bid Due Date Passed] ",""))="","OK",TRIM(IF(B17="","[Missing Project Name] ","")&IF(C17="","[Missing GC] ","")&IF(I17="","[Missing Plumb Estimator] ","")&IF(AND(Q17<>"In Progress",Q17<>"No Bid",Q17<>"On Hold",P17=""),"[Missing Bid Amount] ","")&IF(AND(Q17="Awarded",R17=""),"[Awarded-No Award Amount] ","")&IF(AND(Q17="Lost",U17=""),"[Lost-No Lost Reason] ","")&IF(AND(OR(Q17="Bid Submitted",Q17="Budget Submitted"),X17=""),"[Pending-No Follow-Up Date] ","")&IF(AND(OR(Q17="Bid Submitted",Q17="Budget Submitted"),Y17=""),"[Pending-No Follow-Up Owner] ","")&IF(AND(L17<>"",L17<TODAY(),OR(Q17="In Progress",Q17="")),"[Bid Due Date Passed] ",""))) -> [Pending-No Follow-Up Date] [Pending-No Follow-Up Owner]
A18: ASM-2026-017 | B18: The Hive on 11th | C18: Bonneville | D18: Salt Lake City, UT | E18: Multi-Family | F18: Full Mechanical | G18: Hard Bid | H18: Hard Bid | I18: Patrick | J18: Stephen | K18: 46064.292 | N18: 2809180 | O18: 3496373 | P18: =IFERROR(IF(AND(N18="",O18=""),"",IFERROR(N18,0)+IFERROR(O18,0)),"") -> 6305553 | Q18: Bid Submitted | W18: 0.5 | AA18: GC: Bonneville | AB18: =IFERROR(VLOOKUP(A18,'Go-No-Go'!$A:$M,12,0),"") | AC18: =IFERROR(VLOOKUP(A18,'Go-No-Go'!$A:$N,14,0),"") | AD18: =IF(OR(Q18="Bid Submitted",Q18="Budget Submitted",Q18="ROM Submitted",Q18="In Progress"),IF(M18<>"",TODAY()-M18,IF(K18<>"",TODAY()-K18,"")),"") -> 90.708333 | AE18: =IF(AND(OR(Q18="Bid Submitted",Q18="Budget Submitted",Q18="ROM Submitted"),X18<>"",X18<TODAY()),"OVERDUE",IF(AND(OR(Q18="Bid Submitted",Q18="Budget Submitted",Q18="ROM Submitted"),X18<>"",X18<=TODAY()+3),"DUE SOON",IF(AND(OR(Q18="Bid Submitted",Q18="Budget Submitted",Q18="ROM Submitted"),X18=""),"MISSING","OK"))) -> MISSING | AF18: =IF(TRIM(IF(B18="","[Missing Project Name] ","")&IF(C18="","[Missing GC] ","")&IF(I18="","[Missing Plumb Estimator] ","")&IF(AND(Q18<>"In Progress",Q18<>"No Bid",Q18<>"On Hold",P18=""),"[Missing Bid Amount] ","")&IF(AND(Q18="Awarded",R18=""),"[Awarded-No Award Amount] ","")&IF(AND(Q18="Lost",U18=""),"[Lost-No Lost Reason] ","")&IF(AND(OR(Q18="Bid Submitted",Q18="Budget Submitted"),X18=""),"[Pending-No Follow-Up Date] ","")&IF(AND(OR(Q18="Bid Submitted",Q18="Budget Submitted"),Y18=""),"[Pending-No Follow-Up Owner] ","")&IF(AND(L18<>"",L18<TODAY(),OR(Q18="In Progress",Q18="")),"[Bid Due Date Passed] ",""))="","OK",TRIM(IF(B18="","[Missing Project Name] ","")&IF(C18="","[Missing GC] ","")&IF(I18="","[Missing Plumb Estimator] ","")&IF(AND(Q18<>"In Progress",Q18<>"No Bid",Q18<>"On Hold",P18=""),"[Missing Bid Amount] ","")&IF(AND(Q18="Awarded",R18=""),"[Awarded-No Award Amount] ","")&IF(AND(Q18="Lost",U18=""),"[Lost-No Lost Reason] ","")&IF(AND(OR(Q18="Bid Submitted",Q18="Budget Submitted"),X18=""),"[Pending-No Follow-Up Date] ","")&IF(AND(OR(Q18="Bid Submitted",Q18="Budget Submitted"),Y18=""),"[Pending-No Follow-Up Owner] ","")&IF(AND(L18<>"",L18<TODAY(),OR(Q18="In Progress",Q18="")),"[Bid Due Date Passed] ",""))) -> [Pending-No Follow-Up Date] [Pending-No Follow-Up Owner]
A19: ASM-2026-018 | B19: Radnet Corp. Office | C19: Big-D | E19: Healthcare | F19: Full Mechanical | G19: Hard Bid | H19: Hard Bid | I19: Patrick | J19: Stephen | K19: 46076.292 | N19: 3417972 | O19: 2417425 | P19: =IFERROR(IF(AND(N19="",O19=""),"",IFERROR(N19,0)+IFERROR(O19,0)),"") -> 5835397 | Q19: Bid Submitted | W19: 0.5 | AA19: GCs: Big-D, Westland, Bonneville, R&O, Eckman | AB19: =IFERROR(VLOOKUP(A19,'Go-No-Go'!$A:$M,12,0),"") | AC19: =IFERROR(VLOOKUP(A19,'Go-No-Go'!$A:$N,14,0),"") | AD19: =IF(OR(Q19="Bid Submitted",Q19="Budget Submitted",Q19="ROM Submitted",Q19="In Progress"),IF(M19<>"",TODAY()-M19,IF(K19<>"",TODAY()-K19,"")),"") -> 78.708333 | AE19: =IF(AND(OR(Q19="Bid Submitted",Q19="Budget Submitted",Q19="ROM Submitted"),X19<>"",X19<TODAY()),"OVERDUE",IF(AND(OR(Q19="Bid Submitted",Q19="Budget Submitted",Q19="ROM Submitted"),X19<>"",X19<=TODAY()+3),"DUE SOON",IF(AND(OR(Q19="Bid Submitted",Q19="Budget Submitted",Q19="ROM Submitted"),X19=""),"MISSING","OK"))) -> MISSING | AF19: =IF(TRIM(IF(B19="","[Missing Project Name] ","")&IF(C19="","[Missing GC] ","")&IF(I19="","[Missing Plumb Estimator] ","")&IF(AND(Q19<>"In Progress",Q19<>"No Bid",Q19<>"On Hold",P19=""),"[Missing Bid Amount] ","")&IF(AND(Q19="Awarded",R19=""),"[Awarded-No Award Amount] ","")&IF(AND(Q19="Lost",U19=""),"[Lost-No Lost Reason] ","")&IF(AND(OR(Q19="Bid Submitted",Q19="Budget Submitted"),X19=""),"[Pending-No Follow-Up Date] ","")&IF(AND(OR(Q19="Bid Submitted",Q19="Budget Submitted"),Y19=""),"[Pending-No Follow-Up Owner] ","")&IF(AND(L19<>"",L19<TODAY(),OR(Q19="In Progress",Q19="")),"[Bid Due Date Passed] ",""))="","OK",TRIM(IF(B19="","[Missing Project Name] ","")&IF(C19="","[Missing GC] ","")&IF(I19="","[Missing Plumb Estimator] ","")&IF(AND(Q19<>"In Progress",Q19<>"No Bid",Q19<>"On Hold",P19=""),"[Missing Bid Amount] ","")&IF(AND(Q19="Awarded",R19=""),"[Awarded-No Award Amount] ","")&IF(AND(Q19="Lost",U19=""),"[Lost-No Lost Reason] ","")&IF(AND(OR(Q19="Bid Submitted",Q19="Budget Submitted"),X19=""),"[Pending-No Follow-Up Date] ","")&IF(AND(OR(Q19="Bid Submitted",Q19="Budget Submitted"),Y19=""),"[Pending-No Follow-Up Owner] ","")&IF(AND(L19<>"",L19<TODAY(),OR(Q19="In Progress",Q19="")),"[Bid Due Date Passed] ",""))) -> [Pending-No Follow-Up Date] [Pending-No Follow-Up Owner]
A20: ASM-2026-019 | B20: Kari Sue Hamilton Remodel | C20: Judd | E20: Education | F20: Full Mechanical | G20: Hard Bid | H20: Hard Bid | I20: Patrick | J20: Stephen | K20: 46057.292 | N20: 131701 | O20: 153676 | P20: =IFERROR(IF(AND(N20="",O20=""),"",IFERROR(N20,0)+IFERROR(O20,0)),"") -> 285377 | Q20: Bid Submitted | W20: 0.5 | AA20: GCs: Judd, Mahas | AB20: =IFERROR(VLOOKUP(A20,'Go-No-Go'!$A:$M,12,0),"") | AC20: =IFERROR(VLOOKUP(A20,'Go-No-Go'!$A:$N,14,0),"") | AD20: =IF(OR(Q20="Bid Submitted",Q20="Budget Submitted",Q20="ROM Submitted",Q20="In Progress"),IF(M20<>"",TODAY()-M20,IF(K20<>"",TODAY()-K20,"")),"") -> 97.708333 | AE20: =IF(AND(OR(Q20="Bid Submitted",Q20="Budget Submitted",Q20="ROM Submitted"),X20<>"",X20<TODAY()),"OVERDUE",IF(AND(OR(Q20="Bid Submitted",Q20="Budget Submitted",Q20="ROM Submitted"),X20<>"",X20<=TODAY()+3),"DUE SOON",IF(AND(OR(Q20="Bid Submitted",Q20="Budget Submitted",Q20="ROM Submitted"),X20=""),"MISSING","OK"))) -> MISSING | AF20: =IF(TRIM(IF(B20="","[Missing Project Name] ","")&IF(C20="","[Missing GC] ","")&IF(I20="","[Missing Plumb Estimator] ","")&IF(AND(Q20<>"In Progress",Q20<>"No Bid",Q20<>"On Hold",P20=""),"[Missing Bid Amount] ","")&IF(AND(Q20="Awarded",R20=""),"[Awarded-No Award Amount] ","")&IF(AND(Q20="Lost",U20=""),"[Lost-No Lost Reason] ","")&IF(AND(OR(Q20="Bid Submitted",Q20="Budget Submitted"),X20=""),"[Pending-No Follow-Up Date] ","")&IF(AND(OR(Q20="Bid Submitted",Q20="Budget Submitted"),Y20=""),"[Pending-No Follow-Up Owner] ","")&IF(AND(L20<>"",L20<TODAY(),OR(Q20="In Progress",Q20="")),"[Bid Due Date Passed] ",""))="","OK",TRIM(IF(B20="","[Missing Project Name] ","")&IF(C20="","[Missing GC] ","")&IF(I20="","[Missing Plumb Estimator] ","")&IF(AND(Q20<>"In Progress",Q20<>"No Bid",Q20<>"On Hold",P20=""),"[Missing Bid Amount] ","")&IF(AND(Q20="Awarded",R20=""),"[Awarded-No Award Amount] ","")&IF(AND(Q20="Lost",U20=""),"[Lost-No Lost Reason] ","")&IF(AND(OR(Q20="Bid Submitted",Q20="Budget Submitted"),X20=""),"[Pending-No Follow-Up Date] ","")&IF(AND(OR(Q20="Bid Submitted",Q20="Budget Submitted"),Y20=""),"[Pending-No Follow-Up Owner] ","")&IF(AND(L20<>"",L20<TODAY(),OR(Q20="In Progress",Q20="")),"[Bid Due Date Passed] ",""))) -> [Pending-No Follow-Up Date] [Pending-No Follow-Up Owner]
A21: ASM-2026-020 | B21: St. George AP Add | C21: Big-D | D21: St. George, UT | E21: Professional Office | F21: Full Mechanical | G21: Hard Bid | H21: Hard Bid | I21: Patrick | K21: 46057.292 | N21: 885121 | O21: 4277586 | P21: =IFERROR(IF(AND(N21="",O21=""),"",IFERROR(N21,0)+IFERROR(O21,0)),"") -> 5162707 | Q21: Bid Submitted | W21: 0.5 | AA21: GCs: Big-D, Westland, Bonneville, R&O | AB21: =IFERROR(VLOOKUP(A21,'Go-No-Go'!$A:$M,12,0),"") | AC21: =IFERROR(VLOOKUP(A21,'Go-No-Go'!$A:$N,14,0),"") | AD21: =IF(OR(Q21="Bid Submitted",Q21="Budget Submitted",Q21="ROM Submitted",Q21="In Progress"),IF(M21<>"",TODAY()-M21,IF(K21<>"",TODAY()-K21,"")),"") -> 97.708333 | AE21: =IF(AND(OR(Q21="Bid Submitted",Q21="Budget Submitted",Q21="ROM Submitted"),X21<>"",X21<TODAY()),"OVERDUE",IF(AND(OR(Q21="Bid Submitted",Q21="Budget Submitted",Q21="ROM Submitted"),X21<>"",X21<=TODAY()+3),"DUE SOON",IF(AND(OR(Q21="Bid Submitted",Q21="Budget Submitted",Q21="ROM Submitted"),X21=""),"MISSING","OK"))) -> MISSING | AF21: =IF(TRIM(IF(B21="","[Missing Project Name] ","")&IF(C21="","[Missing GC] ","")&IF(I21="","[Missing Plumb Estimator] ","")&IF(AND(Q21<>"In Progress",Q21<>"No Bid",Q21<>"On Hold",P21=""),"[Missing Bid Amount] ","")&IF(AND(Q21="Awarded",R21=""),"[Awarded-No Award Amount] ","")&IF(AND(Q21="Lost",U21=""),"[Lost-No Lost Reason] ","")&IF(AND(OR(Q21="Bid Submitted",Q21="Budget Submitted"),X21=""),"[Pending-No Follow-Up Date] ","")&IF(AND(OR(Q21="Bid Submitted",Q21="Budget Submitted"),Y21=""),"[Pending-No Follow-Up Owner] ","")&IF(AND(L21<>"",L21<TODAY(),OR(Q21="In Progress",Q21="")),"[Bid Due Date Passed] ",""))="","OK",TRIM(IF(B21="","[Missing Project Name] ","")&IF(C21="","[Missing GC] ","")&IF(I21="","[Missing Plumb Estimator] ","")&IF(AND(Q21<>"In Progress",Q21<>"No Bid",Q21<>"On Hold",P21=""),"[Missing Bid Amount] ","")&IF(AND(Q21="Awarded",R21=""),"[Awarded-No Award Amount] ","")&IF(AND(Q21="Lost",U21=""),"[Lost-No Lost Reason] ","")&IF(AND(OR(Q21="Bid Submitted",Q21="Budget Submitted"),X21=""),"[Pending-No Follow-Up Date] ","")&IF(AND(OR(Q21="Bid Submitted",Q21="Budget Submitted"),Y21=""),"[Pending-No Follow-Up Owner] ","")&IF(AND(L21<>"",L21<TODAY(),OR(Q21="In Progress",Q21="")),"[Bid Due Date Passed] ",""))) -> [Pending-No Follow-Up Date] [Pending-No Follow-Up Owner]
A22: ASM-2026-021 | B22: Stryker Kitchen & Café Remodel | C22: Engage Contracting | E22: Professional Office | F22: Full Mechanical | G22: Hard Bid | H22: Hard Bid | I22: Patrick | J22: Stephen | K22: 46098.25 | N22: 355155 | O22: 232824 | P22: =IFERROR(IF(AND(N22="",O22=""),"",IFERROR(N22,0)+IFERROR(O22,0)),"") -> 587979 | Q22: Bid Submitted | W22: 0.5 | AA22: GC: Engage Contracting | AB22: =IFERROR(VLOOKUP(A22,'Go-No-Go'!$A:$M,12,0),"") | AC22: =IFERROR(VLOOKUP(A22,'Go-No-Go'!$A:$N,14,0),"") | AD22: =IF(OR(Q22="Bid Submitted",Q22="Budget Submitted",Q22="ROM Submitted",Q22="In Progress"),IF(M22<>"",TODAY()-M22,IF(K22<>"",TODAY()-K22,"")),"") -> 56.75 | AE22: =IF(AND(OR(Q22="Bid Submitted",Q22="Budget Submitted",Q22="ROM Submitted"),X22<>"",X22<TODAY()),"OVERDUE",IF(AND(OR(Q22="Bid Submitted",Q22="Budget Submitted",Q22="ROM Submitted"),X22<>"",X22<=TODAY()+3),"DUE SOON",IF(AND(OR(Q22="Bid Submitted",Q22="Budget Submitted",Q22="ROM Submitted"),X22=""),"MISSING","OK"))) -> MISSING | AF22: =IF(TRIM(IF(B22="","[Missing Project Name] ","")&IF(C22="","[Missing GC] ","")&IF(I22="","[Missing Plumb Estimator] ","")&IF(AND(Q22<>"In Progress",Q22<>"No Bid",Q22<>"On Hold",P22=""),"[Missing Bid Amount] ","")&IF(AND(Q22="Awarded",R22=""),"[Awarded-No Award Amount] ","")&IF(AND(Q22="Lost",U22=""),"[Lost-No Lost Reason] ","")&IF(AND(OR(Q22="Bid Submitted",Q22="Budget Submitted"),X22=""),"[Pending-No Follow-Up Date] ","")&IF(AND(OR(Q22="Bid Submitted",Q22="Budget Submitted"),Y22=""),"[Pending-No Follow-Up Owner] ","")&IF(AND(L22<>"",L22<TODAY(),OR(Q22="In Progress",Q22="")),"[Bid Due Date Passed] ",""))="","OK",TRIM(IF(B22="","[Missing Project Name] ","")&IF(C22="","[Missing GC] ","")&IF(I22="","[Missing Plumb Estimator] ","")&IF(AND(Q22<>"In Progress",Q22<>"No Bid",Q22<>"On Hold",P22=""),"[Missing Bid Amount] ","")&IF(AND(Q22="Awarded",R22=""),"[Awarded-No Award Amount] ","")&IF(AND(Q22="Lost",U22=""),"[Lost-No Lost Reason] ","")&IF(AND(OR(Q22="Bid Submitted",Q22="Budget Submitted"),X22=""),"[Pending-No Follow-Up Date] ","")&IF(AND(OR(Q22="Bid Submitted",Q22="Budget Submitted"),Y22=""),"[Pending-No Follow-Up Owner] ","")&IF(AND(L22<>"",L22<TODAY(),OR(Q22="In Progress",Q22="")),"[Bid Due Date Passed] ",""))) -> [Pending-No Follow-Up Date] [Pending-No Follow-Up Owner]
A23: ASM-2026-022 | B23: HCA West Jordan FSER | C23: Nabholz Construction | D23: West Jordan, UT | E23: Healthcare | F23: Full Mechanical | G23: Hard Bid | H23: Hard Bid | I23: Patrick | K23: 46085.292 | N23: 2326498 | O23: 1192678 | P23: =IFERROR(IF(AND(N23="",O23=""),"",IFERROR(N23,0)+IFERROR(O23,0)),"") -> 3519176 | Q23: Bid Submitted | W23: 0.5 | AA23: Free Standing Emergency Room | AB23: =IFERROR(VLOOKUP(A23,'Go-No-Go'!$A:$M,12,0),"") | AC23: =IFERROR(VLOOKUP(A23,'Go-No-Go'!$A:$N,14,0),"") | AD23: =IF(OR(Q23="Bid Submitted",Q23="Budget Submitted",Q23="ROM Submitted",Q23="In Progress"),IF(M23<>"",TODAY()-M23,IF(K23<>"",TODAY()-K23,"")),"") -> 69.708333 | AE23: =IF(AND(OR(Q23="Bid Submitted",Q23="Budget Submitted",Q23="ROM Submitted"),X23<>"",X23<TODAY()),"OVERDUE",IF(AND(OR(Q23="Bid Submitted",Q23="Budget Submitted",Q23="ROM Submitted"),X23<>"",X23<=TODAY()+3),"DUE SOON",IF(AND(OR(Q23="Bid Submitted",Q23="Budget Submitted",Q23="ROM Submitted"),X23=""),"MISSING","OK"))) -> MISSING | AF23: =IF(TRIM(IF(B23="","[Missing Project Name] ","")&IF(C23="","[Missing GC] ","")&IF(I23="","[Missing Plumb Estimator] ","")&IF(AND(Q23<>"In Progress",Q23<>"No Bid",Q23<>"On Hold",P23=""),"[Missing Bid Amount] ","")&IF(AND(Q23="Awarded",R23=""),"[Awarded-No Award Amount] ","")&IF(AND(Q23="Lost",U23=""),"[Lost-No Lost Reason] ","")&IF(AND(OR(Q23="Bid Submitted",Q23="Budget Submitted"),X23=""),"[Pending-No Follow-Up Date] ","")&IF(AND(OR(Q23="Bid Submitted",Q23="Budget Submitted"),Y23=""),"[Pending-No Follow-Up Owner] ","")&IF(AND(L23<>"",L23<TODAY(),OR(Q23="In Progress",Q23="")),"[Bid Due Date Passed] ",""))="","OK",TRIM(IF(B23="","[Missing Project Name] ","")&IF(C23="","[Missing GC] ","")&IF(I23="","[Missing Plumb Estimator] ","")&IF(AND(Q23<>"In Progress",Q23<>"No Bid",Q23<>"On Hold",P23=""),"[Missing Bid Amount] ","")&IF(AND(Q23="Awarded",R23=""),"[Awarded-No Award Amount] ","")&IF(AND(Q23="Lost",U23=""),"[Lost-No Lost Reason] ","")&IF(AND(OR(Q23="Bid Submitted",Q23="Budget Submitted"),X23=""),"[Pending-No Follow-Up Date] ","")&IF(AND(OR(Q23="Bid Submitted",Q23="Budget Submitted"),Y23=""),"[Pending-No Follow-Up Owner] ","")&IF(AND(L23<>"",L23<TODAY(),OR(Q23="In Progress",Q23="")),"[Bid Due Date Passed] ",""))) -> [Pending-No Follow-Up Date] [Pending-No Follow-Up Owner]
A24: ASM-2026-023 | B24: UTA Mt. Ogden Admin | C24: Poulson | D24: Ogden, UT | E24: Professional Office | F24: Full Mechanical | G24: Hard Bid | H24: Hard Bid | I24: Patrick | J24: Stephen | K24: 46072.292 | N24: 602661 | O24: 797531 | P24: =IFERROR(IF(AND(N24="",O24=""),"",IFERROR(N24,0)+IFERROR(O24,0)),"") -> 1400192 | Q24: Bid Submitted | W24: 0.5 | AA24: GCs: Poulson, Westland | AB24: =IFERROR(VLOOKUP(A24,'Go-No-Go'!$A:$M,12,0),"") | AC24: =IFERROR(VLOOKUP(A24,'Go-No-Go'!$A:$N,14,0),"") | AD24: =IF(OR(Q24="Bid Submitted",Q24="Budget Submitted",Q24="ROM Submitted",Q24="In Progress"),IF(M24<>"",TODAY()-M24,IF(K24<>"",TODAY()-K24,"")),"") -> 82.708333 | AE24: =IF(AND(OR(Q24="Bid Submitted",Q24="Budget Submitted",Q24="ROM Submitted"),X24<>"",X24<TODAY()),"OVERDUE",IF(AND(OR(Q24="Bid Submitted",Q24="Budget Submitted",Q24="ROM Submitted"),X24<>"",X24<=TODAY()+3),"DUE SOON",IF(AND(OR(Q24="Bid Submitted",Q24="Budget Submitted",Q24="ROM Submitted"),X24=""),"MISSING","OK"))) -> MISSING | AF24: =IF(TRIM(IF(B24="","[Missing Project Name] ","")&IF(C24="","[Missing GC] ","")&IF(I24="","[Missing Plumb Estimator] ","")&IF(AND(Q24<>"In Progress",Q24<>"No Bid",Q24<>"On Hold",P24=""),"[Missing Bid Amount] ","")&IF(AND(Q24="Awarded",R24=""),"[Awarded-No Award Amount] ","")&IF(AND(Q24="Lost",U24=""),"[Lost-No Lost Reason] ","")&IF(AND(OR(Q24="Bid Submitted",Q24="Budget Submitted"),X24=""),"[Pending-No Follow-Up Date] ","")&IF(AND(OR(Q24="Bid Submitted",Q24="Budget Submitted"),Y24=""),"[Pending-No Follow-Up Owner] ","")&IF(AND(L24<>"",L24<TODAY(),OR(Q24="In Progress",Q24="")),"[Bid Due Date Passed] ",""))="","OK",TRIM(IF(B24="","[Missing Project Name] ","")&IF(C24="","[Missing GC] ","")&IF(I24="","[Missing Plumb Estimator] ","")&IF(AND(Q24<>"In Progress",Q24<>"No Bid",Q24<>"On Hold",P24=""),"[Missing Bid Amount] ","")&IF(AND(Q24="Awarded",R24=""),"[Awarded-No Award Amount] ","")&IF(AND(Q24="Lost",U24=""),"[Lost-No Lost Reason] ","")&IF(AND(OR(Q24="Bid Submitted",Q24="Budget Submitted"),X24=""),"[Pending-No Follow-Up Date] ","")&IF(AND(OR(Q24="Bid Submitted",Q24="Budget Submitted"),Y24=""),"[Pending-No Follow-Up Owner] ","")&IF(AND(L24<>"",L24<TODAY(),OR(Q24="In Progress",Q24="")),"[Bid Due Date Passed] ",""))) -> [Pending-No Follow-Up Date] [Pending-No Follow-Up Owner]
A25: ASM-2026-024 | B25: Delta Cargo | C25: Big-D | E25: Professional Office | F25: Full Mechanical | G25: Hard Bid | H25: Hard Bid | I25: Patrick | J25: Stephen | K25: 46073.292 | N25: 142132 | O25: 329764 | P25: =IFERROR(IF(AND(N25="",O25=""),"",IFERROR(N25,0)+IFERROR(O25,0)),"") -> 471896 | Q25: Bid Submitted | W25: 0.5 | AA25: GC: Big-D | AB25: =IFERROR(VLOOKUP(A25,'Go-No-Go'!$A:$M,12,0),"") | AC25: =IFERROR(VLOOKUP(A25,'Go-No-Go'!$A:$N,14,0),"") | AD25: =IF(OR(Q25="Bid Submitted",Q25="Budget Submitted",Q25="ROM Submitted",Q25="In Progress"),IF(M25<>"",TODAY()-M25,IF(K25<>"",TODAY()-K25,"")),"") -> 81.708333 | AE25: =IF(AND(OR(Q25="Bid Submitted",Q25="Budget Submitted",Q25="ROM Submitted"),X25<>"",X25<TODAY()),"OVERDUE",IF(AND(OR(Q25="Bid Submitted",Q25="Budget Submitted",Q25="ROM Submitted"),X25<>"",X25<=TODAY()+3),"DUE SOON",IF(AND(OR(Q25="Bid Submitted",Q25="Budget Submitted",Q25="ROM Submitted"),X25=""),"MISSING","OK"))) -> MISSING | AF25: =IF(TRIM(IF(B25="","[Missing Project Name] ","")&IF(C25="","[Missing GC] ","")&IF(I25="","[Missing Plumb Estimator] ","")&IF(AND(Q25<>"In Progress",Q25<>"No Bid",Q25<>"On Hold",P25=""),"[Missing Bid Amount] ","")&IF(AND(Q25="Awarded",R25=""),"[Awarded-No Award Amount] ","")&IF(AND(Q25="Lost",U25=""),"[Lost-No Lost Reason] ","")&IF(AND(OR(Q25="Bid Submitted",Q25="Budget Submitted"),X25=""),"[Pending-No Follow-Up Date] ","")&IF(AND(OR(Q25="Bid Submitted",Q25="Budget Submitted"),Y25=""),"[Pending-No Follow-Up Owner] ","")&IF(AND(L25<>"",L25<TODAY(),OR(Q25="In Progress",Q25="")),"[Bid Due Date Passed] ",""))="","OK",TRIM(IF(B25="","[Missing Project Name] ","")&IF(C25="","[Missing GC] ","")&IF(I25="","[Missing Plumb Estimator] ","")&IF(AND(Q25<>"In Progress",Q25<>"No Bid",Q25<>"On Hold",P25=""),"[Missing Bid Amount] ","")&IF(AND(Q25="Awarded",R25=""),"[Awarded-No Award Amount] ","")&IF(AND(Q25="Lost",U25=""),"[Lost-No Lost Reason] ","")&IF(AND(OR(Q25="Bid Submitted",Q25="Budget Submitted"),X25=""),"[Pending-No Follow-Up Date] ","")&IF(AND(OR(Q25="Bid Submitted",Q25="Budget Submitted"),Y25=""),"[Pending-No Follow-Up Owner] ","")&IF(AND(L25<>"",L25<TODAY(),OR(Q25="In Progress",Q25="")),"[Bid Due Date Passed] ",""))) -> [Pending-No Follow-Up Date] [Pending-No Follow-Up Owner]
A26: ASM-2026-025 | B26: American Cruise Lines | C26: Engage Contracting | E26: Professional Office | F26: Full Mechanical | G26: Hard Bid | H26: Hard Bid | I26: Patrick | J26: Stephen | K26: 46079.292 | N26: 68011 | O26: 36426 | P26: =IFERROR(IF(AND(N26="",O26=""),"",IFERROR(N26,0)+IFERROR(O26,0)),"") -> 104437 | Q26: Bid Submitted | W26: 0.5 | AA26: GCs: Engage, Stout | AB26: =IFERROR(VLOOKUP(A26,'Go-No-Go'!$A:$M,12,0),"") | AC26: =IFERROR(VLOOKUP(A26,'Go-No-Go'!$A:$N,14,0),"") | AD26: =IF(OR(Q26="Bid Submitted",Q26="Budget Submitted",Q26="ROM Submitted",Q26="In Progress"),IF(M26<>"",TODAY()-M26,IF(K26<>"",TODAY()-K26,"")),"") -> 75.708333 | AE26: =IF(AND(OR(Q26="Bid Submitted",Q26="Budget Submitted",Q26="ROM Submitted"),X26<>"",X26<TODAY()),"OVERDUE",IF(AND(OR(Q26="Bid Submitted",Q26="Budget Submitted",Q26="ROM Submitted"),X26<>"",X26<=TODAY()+3),"DUE SOON",IF(AND(OR(Q26="Bid Submitted",Q26="Budget Submitted",Q26="ROM Submitted"),X26=""),"MISSING","OK"))) -> MISSING | AF26: =IF(TRIM(IF(B26="","[Missing Project Name] ","")&IF(C26="","[Missing GC] ","")&IF(I26="","[Missing Plumb Estimator] ","")&IF(AND(Q26<>"In Progress",Q26<>"No Bid",Q26<>"On Hold",P26=""),"[Missing Bid Amount] ","")&IF(AND(Q26="Awarded",R26=""),"[Awarded-No Award Amount] ","")&IF(AND(Q26="Lost",U26=""),"[Lost-No Lost Reason] ","")&IF(AND(OR(Q26="Bid Submitted",Q26="Budget Submitted"),X26=""),"[Pending-No Follow-Up Date] ","")&IF(AND(OR(Q26="Bid Submitted",Q26="Budget Submitted"),Y26=""),"[Pending-No Follow-Up Owner] ","")&IF(AND(L26<>"",L26<TODAY(),OR(Q26="In Progress",Q26="")),"[Bid Due Date Passed] ",""))="","OK",TRIM(IF(B26="","[Missing Project Name] ","")&IF(C26="","[Missing GC] ","")&IF(I26="","[Missing Plumb Estimator] ","")&IF(AND(Q26<>"In Progress",Q26<>"No Bid",Q26<>"On Hold",P26=""),"[Missing Bid Amount] ","")&IF(AND(Q26="Awarded",R26=""),"[Awarded-No Award Amount] ","")&IF(AND(Q26="Lost",U26=""),"[Lost-No Lost Reason] ","")&IF(AND(OR(Q26="Bid Submitted",Q26="Budget Submitted"),X26=""),"[Pending-No Follow-Up Date] ","")&IF(AND(OR(Q26="Bid Submitted",Q26="Budget Submitted"),Y26=""),"[Pending-No Follow-Up Owner] ","")&IF(AND(L26<>"",L26<TODAY(),OR(Q26="In Progress",Q26="")),"[Bid Due Date Passed] ",""))) -> [Pending-No Follow-Up Date] [Pending-No Follow-Up Owner]
A27: ASM-2026-026 | B27: IH Southridge | C27: Layton | E27: Professional Office | F27: Full Mechanical | G27: Hard Bid | H27: Hard Bid | I27: Patrick | J27: Stephen | K27: 46079.292 | N27: 222700 | O27: 157906 | P27: =IFERROR(IF(AND(N27="",O27=""),"",IFERROR(N27,0)+IFERROR(O27,0)),"") -> 380606 | Q27: Bid Submitted | W27: 0.5 | AA27: GC: Layton | AB27: =IFERROR(VLOOKUP(A27,'Go-No-Go'!$A:$M,12,0),"") | AC27: =IFERROR(VLOOKUP(A27,'Go-No-Go'!$A:$N,14,0),"") | AD27: =IF(OR(Q27="Bid Submitted",Q27="Budget Submitted",Q27="ROM Submitted",Q27="In Progress"),IF(M27<>"",TODAY()-M27,IF(K27<>"",TODAY()-K27,"")),"") -> 75.708333 | AE27: =IF(AND(OR(Q27="Bid Submitted",Q27="Budget Submitted",Q27="ROM Submitted"),X27<>"",X27<TODAY()),"OVERDUE",IF(AND(OR(Q27="Bid Submitted",Q27="Budget Submitted",Q27="ROM Submitted"),X27<>"",X27<=TODAY()+3),"DUE SOON",IF(AND(OR(Q27="Bid Submitted",Q27="Budget Submitted",Q27="ROM Submitted"),X27=""),"MISSING","OK"))) -> MISSING | AF27: =IF(TRIM(IF(B27="","[Missing Project Name] ","")&IF(C27="","[Missing GC] ","")&IF(I27="","[Missing Plumb Estimator] ","")&IF(AND(Q27<>"In Progress",Q27<>"No Bid",Q27<>"On Hold",P27=""),"[Missing Bid Amount] ","")&IF(AND(Q27="Awarded",R27=""),"[Awarded-No Award Amount] ","")&IF(AND(Q27="Lost",U27=""),"[Lost-No Lost Reason] ","")&IF(AND(OR(Q27="Bid Submitted",Q27="Budget Submitted"),X27=""),"[Pending-No Follow-Up Date] ","")&IF(AND(OR(Q27="Bid Submitted",Q27="Budget Submitted"),Y27=""),"[Pending-No Follow-Up Owner] ","")&IF(AND(L27<>"",L27<TODAY(),OR(Q27="In Progress",Q27="")),"[Bid Due Date Passed] ",""))="","OK",TRIM(IF(B27="","[Missing Project Name] ","")&IF(C27="","[Missing GC] ","")&IF(I27="","[Missing Plumb Estimator] ","")&IF(AND(Q27<>"In Progress",Q27<>"No Bid",Q27<>"On Hold",P27=""),"[Missing Bid Amount] ","")&IF(AND(Q27="Awarded",R27=""),"[Awarded-No Award Amount] ","")&IF(AND(Q27="Lost",U27=""),"[Lost-No Lost Reason] ","")&IF(AND(OR(Q27="Bid Submitted",Q27="Budget Submitted"),X27=""),"[Pending-No Follow-Up Date] ","")&IF(AND(OR(Q27="Bid Submitted",Q27="Budget Submitted"),Y27=""),"[Pending-No Follow-Up Owner] ","")&IF(AND(L27<>"",L27<TODAY(),OR(Q27="In Progress",Q27="")),"[Bid Due Date Passed] ",""))) -> [Pending-No Follow-Up Date] [Pending-No Follow-Up Owner]
A28: ASM-2026-027 | B28: Canyons Innovation Center | C28: Hughes | E28: Professional Office | F28: Plumbing Only | G28: Hard Bid | H28: Hard Bid | I28: Patrick | K28: 46100.25 | N28: 4367489 | P28: =IFERROR(IF(AND(N28="",O28=""),"",IFERROR(N28,0)+IFERROR(O28,0)),"") -> 4367489 | Q28: Bid Submitted | W28: 0.5 | AA28: GC: Hughes | AB28: =IFERROR(VLOOKUP(A28,'Go-No-Go'!$A:$M,12,0),"") | AC28: =IFERROR(VLOOKUP(A28,'Go-No-Go'!$A:$N,14,0),"") | AD28: =IF(OR(Q28="Bid Submitted",Q28="Budget Submitted",Q28="ROM Submitted",Q28="In Progress"),IF(M28<>"",TODAY()-M28,IF(K28<>"",TODAY()-K28,"")),"") -> 54.75 | AE28: =IF(AND(OR(Q28="Bid Submitted",Q28="Budget Submitted",Q28="ROM Submitted"),X28<>"",X28<TODAY()),"OVERDUE",IF(AND(OR(Q28="Bid Submitted",Q28="Budget Submitted",Q28="ROM Submitted"),X28<>"",X28<=TODAY()+3),"DUE SOON",IF(AND(OR(Q28="Bid Submitted",Q28="Budget Submitted",Q28="ROM Submitted"),X28=""),"MISSING","OK"))) -> MISSING | AF28: =IF(TRIM(IF(B28="","[Missing Project Name] ","")&IF(C28="","[Missing GC] ","")&IF(I28="","[Missing Plumb Estimator] ","")&IF(AND(Q28<>"In Progress",Q28<>"No Bid",Q28<>"On Hold",P28=""),"[Missing Bid Amount] ","")&IF(AND(Q28="Awarded",R28=""),"[Awarded-No Award Amount] ","")&IF(AND(Q28="Lost",U28=""),"[Lost-No Lost Reason] ","")&IF(AND(OR(Q28="Bid Submitted",Q28="Budget Submitted"),X28=""),"[Pending-No Follow-Up Date] ","")&IF(AND(OR(Q28="Bid Submitted",Q28="Budget Submitted"),Y28=""),"[Pending-No Follow-Up Owner] ","")&IF(AND(L28<>"",L28<TODAY(),OR(Q28="In Progress",Q28="")),"[Bid Due Date Passed] ",""))="","OK",TRIM(IF(B28="","[Missing Project Name] ","")&IF(C28="","[Missing GC] ","")&IF(I28="","[Missing Plumb Estimator] ","")&IF(AND(Q28<>"In Progress",Q28<>"No Bid",Q28<>"On Hold",P28=""),"[Missing Bid Amount] ","")&IF(AND(Q28="Awarded",R28=""),"[Awarded-No Award Amount] ","")&IF(AND(Q28="Lost",U28=""),"[Lost-No Lost Reason] ","")&IF(AND(OR(Q28="Bid Submitted",Q28="Budget Submitted"),X28=""),"[Pending-No Follow-Up Date] ","")&IF(AND(OR(Q28="Bid Submitted",Q28="Budget Submitted"),Y28=""),"[Pending-No Follow-Up Owner] ","")&IF(AND(L28<>"",L28<TODAY(),OR(Q28="In Progress",Q28="")),"[Bid Due Date Passed] ",""))) -> [Pending-No Follow-Up Date] [Pending-No Follow-Up Owner]
A29: ASM-2026-028 | B29: UofU Bus Garage | C29: Fortis | D29: Salt Lake City, UT | E29: Education | F29: Plumbing Only | G29: Hard Bid | H29: Hard Bid | I29: Patrick | J29: Stephen | K29: 46100.25 | N29: 34977 | O29: 17303 | P29: =IFERROR(IF(AND(N29="",O29=""),"",IFERROR(N29,0)+IFERROR(O29,0)),"") -> 52280 | Q29: Bid Submitted | W29: 0.5 | AA29: GC: Fortis | AB29: =IFERROR(VLOOKUP(A29,'Go-No-Go'!$A:$M,12,0),"") | AC29: =IFERROR(VLOOKUP(A29,'Go-No-Go'!$A:$N,14,0),"") | AD29: =IF(OR(Q29="Bid Submitted",Q29="Budget Submitted",Q29="ROM Submitted",Q29="In Progress"),IF(M29<>"",TODAY()-M29,IF(K29<>"",TODAY()-K29,"")),"") -> 54.75 | AE29: =IF(AND(OR(Q29="Bid Submitted",Q29="Budget Submitted",Q29="ROM Submitted"),X29<>"",X29<TODAY()),"OVERDUE",IF(AND(OR(Q29="Bid Submitted",Q29="Budget Submitted",Q29="ROM Submitted"),X29<>"",X29<=TODAY()+3),"DUE SOON",IF(AND(OR(Q29="Bid Submitted",Q29="Budget Submitted",Q29="ROM Submitted"),X29=""),"MISSING","OK"))) -> MISSING | AF29: =IF(TRIM(IF(B29="","[Missing Project Name] ","")&IF(C29="","[Missing GC] ","")&IF(I29="","[Missing Plumb Estimator] ","")&IF(AND(Q29<>"In Progress",Q29<>"No Bid",Q29<>"On Hold",P29=""),"[Missing Bid Amount] ","")&IF(AND(Q29="Awarded",R29=""),"[Awarded-No Award Amount] ","")&IF(AND(Q29="Lost",U29=""),"[Lost-No Lost Reason] ","")&IF(AND(OR(Q29="Bid Submitted",Q29="Budget Submitted"),X29=""),"[Pending-No Follow-Up Date] ","")&IF(AND(OR(Q29="Bid Submitted",Q29="Budget Submitted"),Y29=""),"[Pending-No Follow-Up Owner] ","")&IF(AND(L29<>"",L29<TODAY(),OR(Q29="In Progress",Q29="")),"[Bid Due Date Passed] ",""))="","OK",TRIM(IF(B29="","[Missing Project Name] ","")&IF(C29="","[Missing GC] ","")&IF(I29="","[Missing Plumb Estimator] ","")&IF(AND(Q29<>"In Progress",Q29<>"No Bid",Q29<>"On Hold",P29=""),"[Missing Bid Amount] ","")&IF(AND(Q29="Awarded",R29=""),"[Awarded-No Award Amount] ","")&IF(AND(Q29="Lost",U29=""),"[Lost-No Lost Reason] ","")&IF(AND(OR(Q29="Bid Submitted",Q29="Budget Submitted"),X29=""),"[Pending-No Follow-Up Date] ","")&IF(AND(OR(Q29="Bid Submitted",Q29="Budget Submitted"),Y29=""),"[Pending-No Follow-Up Owner] ","")&IF(AND(L29<>"",L29<TODAY(),OR(Q29="In Progress",Q29="")),"[Bid Due Date Passed] ",""))) -> [Pending-No Follow-Up Date] [Pending-No Follow-Up Owner]
A30: ASM-2026-029 | B30: AF Police Station Remodel | C30: Stout | D30: American Fork, UT | E30: Municipal | F30: Full Mechanical | G30: Hard Bid | H30: Hard Bid | I30: Patrick | J30: Stephen | K30: 46101.25 | N30: 90847 | O30: 125683 | P30: =IFERROR(IF(AND(N30="",O30=""),"",IFERROR(N30,0)+IFERROR(O30,0)),"") -> 216530 | Q30: Bid Submitted | W30: 0.5 | AA30: GCs: Stout, Miller, Warner, Wasatch-West, Big-D, KDK, Judd | AB30: =IFERROR(VLOOKUP(A30,'Go-No-Go'!$A:$M,12,0),"") | AC30: =IFERROR(VLOOKUP(A30,'Go-No-Go'!$A:$N,14,0),"") | AD30: =IF(OR(Q30="Bid Submitted",Q30="Budget Submitted",Q30="ROM Submitted",Q30="In Progress"),IF(M30<>"",TODAY()-M30,IF(K30<>"",TODAY()-K30,"")),"") -> 53.75 | AE30: =IF(AND(OR(Q30="Bid Submitted",Q30="Budget Submitted",Q30="ROM Submitted"),X30<>"",X30<TODAY()),"OVERDUE",IF(AND(OR(Q30="Bid Submitted",Q30="Budget Submitted",Q30="ROM Submitted"),X30<>"",X30<=TODAY()+3),"DUE SOON",IF(AND(OR(Q30="Bid Submitted",Q30="Budget Submitted",Q30="ROM Submitted"),X30=""),"MISSING","OK"))) -> MISSING | AF30: =IF(TRIM(IF(B30="","[Missing Project Name] ","")&IF(C30="","[Missing GC] ","")&IF(I30="","[Missing Plumb Estimator] ","")&IF(AND(Q30<>"In Progress",Q30<>"No Bid",Q30<>"On Hold",P30=""),"[Missing Bid Amount] ","")&IF(AND(Q30="Awarded",R30=""),"[Awarded-No Award Amount] ","")&IF(AND(Q30="Lost",U30=""),"[Lost-No Lost Reason] ","")&IF(AND(OR(Q30="Bid Submitted",Q30="Budget Submitted"),X30=""),"[Pending-No Follow-Up Date] ","")&IF(AND(OR(Q30="Bid Submitted",Q30="Budget Submitted"),Y30=""),"[Pending-No Follow-Up Owner] ","")&IF(AND(L30<>"",L30<TODAY(),OR(Q30="In Progress",Q30="")),"[Bid Due Date Passed] ",""))="","OK",TRIM(IF(B30="","[Missing Project Name] ","")&IF(C30="","[Missing GC] ","")&IF(I30="","[Missing Plumb Estimator] ","")&IF(AND(Q30<>"In Progress",Q30<>"No Bid",Q30<>"On Hold",P30=""),"[Missing Bid Amount] ","")&IF(AND(Q30="Awarded",R30=""),"[Awarded-No Award Amount] ","")&IF(AND(Q30="Lost",U30=""),"[Lost-No Lost Reason] ","")&IF(AND(OR(Q30="Bid Submitted",Q30="Budget Submitted"),X30=""),"[Pending-No Follow-Up Date] ","")&IF(AND(OR(Q30="Bid Submitted",Q30="Budget Submitted"),Y30=""),"[Pending-No Follow-Up Owner] ","")&IF(AND(L30<>"",L30<TODAY(),OR(Q30="In Progress",Q30="")),"[Bid Due Date Passed] ",""))) -> [Pending-No Follow-Up Date] [Pending-No Follow-Up Owner]
A31: ASM-2026-030 | B31: Ogden Weber Tech | C31: Gramoll | D31: Ogden, UT | E31: Education | F31: Plumbing Only | G31: Hard Bid | H31: Hard Bid | I31: Patrick | J31: Stephen | K31: 46104.25 | N31: 12110932 | O31: 3451361 | P31: =IFERROR(IF(AND(N31="",O31=""),"",IFERROR(N31,0)+IFERROR(O31,0)),"") -> 15562293 | Q31: Bid Submitted | W31: 0.5 | AA31: GCs: Gramoll, R&O | AB31: =IFERROR(VLOOKUP(A31,'Go-No-Go'!$A:$M,12,0),"") | AC31: =IFERROR(VLOOKUP(A31,'Go-No-Go'!$A:$N,14,0),"") | AD31: =IF(OR(Q31="Bid Submitted",Q31="Budget Submitted",Q31="ROM Submitted",Q31="In Progress"),IF(M31<>"",TODAY()-M31,IF(K31<>"",TODAY()-K31,"")),"") -> 50.75 | AE31: =IF(AND(OR(Q31="Bid Submitted",Q31="Budget Submitted",Q31="ROM Submitted"),X31<>"",X31<TODAY()),"OVERDUE",IF(AND(OR(Q31="Bid Submitted",Q31="Budget Submitted",Q31="ROM Submitted"),X31<>"",X31<=TODAY()+3),"DUE SOON",IF(AND(OR(Q31="Bid Submitted",Q31="Budget Submitted",Q31="ROM Submitted"),X31=""),"MISSING","OK"))) -> MISSING | AF31: =IF(TRIM(IF(B31="","[Missing Project Name] ","")&IF(C31="","[Missing GC] ","")&IF(I31="","[Missing Plumb Estimator] ","")&IF(AND(Q31<>"In Progress",Q31<>"No Bid",Q31<>"On Hold",P31=""),"[Missing Bid Amount] ","")&IF(AND(Q31="Awarded",R31=""),"[Awarded-No Award Amount] ","")&IF(AND(Q31="Lost",U31=""),"[Lost-No Lost Reason] ","")&IF(AND(OR(Q31="Bid Submitted",Q31="Budget Submitted"),X31=""),"[Pending-No Follow-Up Date] ","")&IF(AND(OR(Q31="Bid Submitted",Q31="Budget Submitted"),Y31=""),"[Pending-No Follow-Up Owner] ","")&IF(AND(L31<>"",L31<TODAY(),OR(Q31="In Progress",Q31="")),"[Bid Due Date Passed] ",""))="","OK",TRIM(IF(B31="","[Missing Project Name] ","")&IF(C31="","[Missing GC] ","")&IF(I31="","[Missing Plumb Estimator] ","")&IF(AND(Q31<>"In Progress",Q31<>"No Bid",Q31<>"On Hold",P31=""),"[Missing Bid Amount] ","")&IF(AND(Q31="Awarded",R31=""),"[Awarded-No Award Amount] ","")&IF(AND(Q31="Lost",U31=""),"[Lost-No Lost Reason] ","")&IF(AND(OR(Q31="Bid Submitted",Q31="Budget Submitted"),X31=""),"[Pending-No Follow-Up Date] ","")&IF(AND(OR(Q31="Bid Submitted",Q31="Budget Submitted"),Y31=""),"[Pending-No Follow-Up Owner] ","")&IF(AND(L31<>"",L31<TODAY(),OR(Q31="In Progress",Q31="")),"[Bid Due Date Passed] ",""))) -> [Pending-No Follow-Up Date] [Pending-No Follow-Up Owner]
A32: ASM-2026-031 | B32: BYU Tanner | C32: Stallings | D32: Provo, UT | E32: Education | F32: Full Mechanical | G32: Hard Bid | H32: Hard Bid | I32: Patrick | J32: Stephen | K32: 46108.25 | N32: 84641 | O32: 511064 | P32: =IFERROR(IF(AND(N32="",O32=""),"",IFERROR(N32,0)+IFERROR(O32,0)),"") -> 595705 | Q32: Bid Submitted | W32: 0.5 | AA32: GC: Stallings | AB32: =IFERROR(VLOOKUP(A32,'Go-No-Go'!$A:$M,12,0),"") | AC32: =IFERROR(VLOOKUP(A32,'Go-No-Go'!$A:$N,14,0),"") | AD32: =IF(OR(Q32="Bid Submitted",Q32="Budget Submitted",Q32="ROM Submitted",Q32="In Progress"),IF(M32<>"",TODAY()-M32,IF(K32<>"",TODAY()-K32,"")),"") -> 46.75 | AE32: =IF(AND(OR(Q32="Bid Submitted",Q32="Budget Submitted",Q32="ROM Submitted"),X32<>"",X32<TODAY()),"OVERDUE",IF(AND(OR(Q32="Bid Submitted",Q32="Budget Submitted",Q32="ROM Submitted"),X32<>"",X32<=TODAY()+3),"DUE SOON",IF(AND(OR(Q32="Bid Submitted",Q32="Budget Submitted",Q32="ROM Submitted"),X32=""),"MISSING","OK"))) -> MISSING | AF32: =IF(TRIM(IF(B32="","[Missing Project Name] ","")&IF(C32="","[Missing GC] ","")&IF(I32="","[Missing Plumb Estimator] ","")&IF(AND(Q32<>"In Progress",Q32<>"No Bid",Q32<>"On Hold",P32=""),"[Missing Bid Amount] ","")&IF(AND(Q32="Awarded",R32=""),"[Awarded-No Award Amount] ","")&IF(AND(Q32="Lost",U32=""),"[Lost-No Lost Reason] ","")&IF(AND(OR(Q32="Bid Submitted",Q32="Budget Submitted"),X32=""),"[Pending-No Follow-Up Date] ","")&IF(AND(OR(Q32="Bid Submitted",Q32="Budget Submitted"),Y32=""),"[Pending-No Follow-Up Owner] ","")&IF(AND(L32<>"",L32<TODAY(),OR(Q32="In Progress",Q32="")),"[Bid Due Date Passed] ",""))="","OK",TRIM(IF(B32="","[Missing Project Name] ","")&IF(C32="","[Missing GC] ","")&IF(I32="","[Missing Plumb Estimator] ","")&IF(AND(Q32<>"In Progress",Q32<>"No Bid",Q32<>"On Hold",P32=""),"[Missing Bid Amount] ","")&IF(AND(Q32="Awarded",R32=""),"[Awarded-No Award Amount] ","")&IF(AND(Q32="Lost",U32=""),"[Lost-No Lost Reason] ","")&IF(AND(OR(Q32="Bid Submitted",Q32="Budget Submitted"),X32=""),"[Pending-No Follow-Up Date] ","")&IF(AND(OR(Q32="Bid Submitted",Q32="Budget Submitted"),Y32=""),"[Pending-No Follow-Up Owner] ","")&IF(AND(L32<>"",L32<TODAY(),OR(Q32="In Progress",Q32="")),"[Bid Due Date Passed] ",""))) -> [Pending-No Follow-Up Date] [Pending-No Follow-Up Owner]
A33: ASM-2026-032 | B33: Ford Training Center | C33: Judd | E33: Professional Office | F33: Full Mechanical | G33: Hard Bid | H33: Hard Bid | I33: Patrick | J33: Stephen | K33: 46108.25 | N33: 115057 | O33: 166286 | P33: =IFERROR(IF(AND(N33="",O33=""),"",IFERROR(N33,0)+IFERROR(O33,0)),"") -> 281343 | Q33: Bid Submitted | W33: 0.5 | AA33: GC: Judd | AB33: =IFERROR(VLOOKUP(A33,'Go-No-Go'!$A:$M,12,0),"") | AC33: =IFERROR(VLOOKUP(A33,'Go-No-Go'!$A:$N,14,0),"") | AD33: =IF(OR(Q33="Bid Submitted",Q33="Budget Submitted",Q33="ROM Submitted",Q33="In Progress"),IF(M33<>"",TODAY()-M33,IF(K33<>"",TODAY()-K33,"")),"") -> 46.75 | AE33: =IF(AND(OR(Q33="Bid Submitted",Q33="Budget Submitted",Q33="ROM Submitted"),X33<>"",X33<TODAY()),"OVERDUE",IF(AND(OR(Q33="Bid Submitted",Q33="Budget Submitted",Q33="ROM Submitted"),X33<>"",X33<=TODAY()+3),"DUE SOON",IF(AND(OR(Q33="Bid Submitted",Q33="Budget Submitted",Q33="ROM Submitted"),X33=""),"MISSING","OK"))) -> MISSING | AF33: =IF(TRIM(IF(B33="","[Missing Project Name] ","")&IF(C33="","[Missing GC] ","")&IF(I33="","[Missing Plumb Estimator] ","")&IF(AND(Q33<>"In Progress",Q33<>"No Bid",Q33<>"On Hold",P33=""),"[Missing Bid Amount] ","")&IF(AND(Q33="Awarded",R33=""),"[Awarded-No Award Amount] ","")&IF(AND(Q33="Lost",U33=""),"[Lost-No Lost Reason] ","")&IF(AND(OR(Q33="Bid Submitted",Q33="Budget Submitted"),X33=""),"[Pending-No Follow-Up Date] ","")&IF(AND(OR(Q33="Bid Submitted",Q33="Budget Submitted"),Y33=""),"[Pending-No Follow-Up Owner] ","")&IF(AND(L33<>"",L33<TODAY(),OR(Q33="In Progress",Q33="")),"[Bid Due Date Passed] ",""))="","OK",TRIM(IF(B33="","[Missing Project Name] ","")&IF(C33="","[Missing GC] ","")&IF(I33="","[Missing Plumb Estimator] ","")&IF(AND(Q33<>"In Progress",Q33<>"No Bid",Q33<>"On Hold",P33=""),"[Missing Bid Amount] ","")&IF(AND(Q33="Awarded",R33=""),"[Awarded-No Award Amount] ","")&IF(AND(Q33="Lost",U33=""),"[Lost-No Lost Reason] ","")&IF(AND(OR(Q33="Bid Submitted",Q33="Budget Submitted"),X33=""),"[Pending-No Follow-Up Date] ","")&IF(AND(OR(Q33="Bid Submitted",Q33="Budget Submitted"),Y33=""),"[Pending-No Follow-Up Owner] ","")&IF(AND(L33<>"",L33<TODAY(),OR(Q33="In Progress",Q33="")),"[Bid Due Date Passed] ",""))) -> [Pending-No Follow-Up Date] [Pending-No Follow-Up Owner]
A34: ASM-2026-033 | B34: Coleman Orthodontics | C34: EK Bailey | E34: Professional Office | F34: Full Mechanical | G34: Hard Bid | H34: Hard Bid | I34: Patrick | J34: Stephen | K34: 46113.25 | N34: 135032 | O34: 70834 | P34: =IFERROR(IF(AND(N34="",O34=""),"",IFERROR(N34,0)+IFERROR(O34,0)),"") -> 205866 | Q34: Bid Submitted | W34: 0.5 | AA34: GC: EK Bailey | AB34: =IFERROR(VLOOKUP(A34,'Go-No-Go'!$A:$M,12,0),"") | AC34: =IFERROR(VLOOKUP(A34,'Go-No-Go'!$A:$N,14,0),"") | AD34: =IF(OR(Q34="Bid Submitted",Q34="Budget Submitted",Q34="ROM Submitted",Q34="In Progress"),IF(M34<>"",TODAY()-M34,IF(K34<>"",TODAY()-K34,"")),"") -> 41.75 | AE34: =IF(AND(OR(Q34="Bid Submitted",Q34="Budget Submitted",Q34="ROM Submitted"),X34<>"",X34<TODAY()),"OVERDUE",IF(AND(OR(Q34="Bid Submitted",Q34="Budget Submitted",Q34="ROM Submitted"),X34<>"",X34<=TODAY()+3),"DUE SOON",IF(AND(OR(Q34="Bid Submitted",Q34="Budget Submitted",Q34="ROM Submitted"),X34=""),"MISSING","OK"))) -> MISSING | AF34: =IF(TRIM(IF(B34="","[Missing Project Name] ","")&IF(C34="","[Missing GC] ","")&IF(I34="","[Missing Plumb Estimator] ","")&IF(AND(Q34<>"In Progress",Q34<>"No Bid",Q34<>"On Hold",P34=""),"[Missing Bid Amount] ","")&IF(AND(Q34="Awarded",R34=""),"[Awarded-No Award Amount] ","")&IF(AND(Q34="Lost",U34=""),"[Lost-No Lost Reason] ","")&IF(AND(OR(Q34="Bid Submitted",Q34="Budget Submitted"),X34=""),"[Pending-No Follow-Up Date] ","")&IF(AND(OR(Q34="Bid Submitted",Q34="Budget Submitted"),Y34=""),"[Pending-No Follow-Up Owner] ","")&IF(AND(L34<>"",L34<TODAY(),OR(Q34="In Progress",Q34="")),"[Bid Due Date Passed] ",""))="","OK",TRIM(IF(B34="","[Missing Project Name] ","")&IF(C34="","[Missing GC] ","")&IF(I34="","[Missing Plumb Estimator] ","")&IF(AND(Q34<>"In Progress",Q34<>"No Bid",Q34<>"On Hold",P34=""),"[Missing Bid Amount] ","")&IF(AND(Q34="Awarded",R34=""),"[Awarded-No Award Amount] ","")&IF(AND(Q34="Lost",U34=""),"[Lost-No Lost Reason] ","")&IF(AND(OR(Q34="Bid Submitted",Q34="Budget Submitted"),X34=""),"[Pending-No Follow-Up Date] ","")&IF(AND(OR(Q34="Bid Submitted",Q34="Budget Submitted"),Y34=""),"[Pending-No Follow-Up Owner] ","")&IF(AND(L34<>"",L34<TODAY(),OR(Q34="In Progress",Q34="")),"[Bid Due Date Passed] ",""))) -> [Pending-No Follow-Up Date] [Pending-No Follow-Up Owner]
A35: ASM-2026-034 | B35: UofU PET | C35: Fortis | D35: Salt Lake City, UT | E35: Education | F35: Full Mechanical | G35: Hard Bid | H35: Hard Bid | I35: Les | K35: 46114.25 | N35: 73232 | O35: 17303 | P35: =IFERROR(IF(AND(N35="",O35=""),"",IFERROR(N35,0)+IFERROR(O35,0)),"") -> 90535 | Q35: Bid Submitted | W35: 0.5 | AA35: GC: Fortis | AB35: =IFERROR(VLOOKUP(A35,'Go-No-Go'!$A:$M,12,0),"") | AC35: =IFERROR(VLOOKUP(A35,'Go-No-Go'!$A:$N,14,0),"") | AD35: =IF(OR(Q35="Bid Submitted",Q35="Budget Submitted",Q35="ROM Submitted",Q35="In Progress"),IF(M35<>"",TODAY()-M35,IF(K35<>"",TODAY()-K35,"")),"") -> 40.75 | AE35: =IF(AND(OR(Q35="Bid Submitted",Q35="Budget Submitted",Q35="ROM Submitted"),X35<>"",X35<TODAY()),"OVERDUE",IF(AND(OR(Q35="Bid Submitted",Q35="Budget Submitted",Q35="ROM Submitted"),X35<>"",X35<=TODAY()+3),"DUE SOON",IF(AND(OR(Q35="Bid Submitted",Q35="Budget Submitted",Q35="ROM Submitted"),X35=""),"MISSING","OK"))) -> MISSING | AF35: =IF(TRIM(IF(B35="","[Missing Project Name] ","")&IF(C35="","[Missing GC] ","")&IF(I35="","[Missing Plumb Estimator] ","")&IF(AND(Q35<>"In Progress",Q35<>"No Bid",Q35<>"On Hold",P35=""),"[Missing Bid Amount] ","")&IF(AND(Q35="Awarded",R35=""),"[Awarded-No Award Amount] ","")&IF(AND(Q35="Lost",U35=""),"[Lost-No Lost Reason] ","")&IF(AND(OR(Q35="Bid Submitted",Q35="Budget Submitted"),X35=""),"[Pending-No Follow-Up Date] ","")&IF(AND(OR(Q35="Bid Submitted",Q35="Budget Submitted"),Y35=""),"[Pending-No Follow-Up Owner] ","")&IF(AND(L35<>"",L35<TODAY(),OR(Q35="In Progress",Q35="")),"[Bid Due Date Passed] ",""))="","OK",TRIM(IF(B35="","[Missing Project Name] ","")&IF(C35="","[Missing GC] ","")&IF(I35="","[Missing Plumb Estimator] ","")&IF(AND(Q35<>"In Progress",Q35<>"No Bid",Q35<>"On Hold",P35=""),"[Missing Bid Amount] ","")&IF(AND(Q35="Awarded",R35=""),"[Awarded-No Award Amount] ","")&IF(AND(Q35="Lost",U35=""),"[Lost-No Lost Reason] ","")&IF(AND(OR(Q35="Bid Submitted",Q35="Budget Submitted"),X35=""),"[Pending-No Follow-Up Date] ","")&IF(AND(OR(Q35="Bid Submitted",Q35="Budget Submitted"),Y35=""),"[Pending-No Follow-Up Owner] ","")&IF(AND(L35<>"",L35<TODAY(),OR(Q35="In Progress",Q35="")),"[Bid Due Date Passed] ",""))) -> [Pending-No Follow-Up Date] [Pending-No Follow-Up Owner]
A36: ASM-2026-035 | B36: Project Bedrock | C36: Brinkmann | E36: Mission Critical | F36: Full Mechanical | G36: Hard Bid | H36: Hard Bid | I36: Les | J36: Stephen | K36: 46122.25 | N36: 8813255 | O36: 4172214 | P36: =IFERROR(IF(AND(N36="",O36=""),"",IFERROR(N36,0)+IFERROR(O36,0)),"") -> 12985469 | Q36: Bid Submitted | W36: 0.5 | AA36: GC: Brinkmann Construction | AB36: =IFERROR(VLOOKUP(A36,'Go-No-Go'!$A:$M,12,0),"") | AC36: =IFERROR(VLOOKUP(A36,'Go-No-Go'!$A:$N,14,0),"") | AD36: =IF(OR(Q36="Bid Submitted",Q36="Budget Submitted",Q36="ROM Submitted",Q36="In Progress"),IF(M36<>"",TODAY()-M36,IF(K36<>"",TODAY()-K36,"")),"") -> 32.75 | AE36: =IF(AND(OR(Q36="Bid Submitted",Q36="Budget Submitted",Q36="ROM Submitted"),X36<>"",X36<TODAY()),"OVERDUE",IF(AND(OR(Q36="Bid Submitted",Q36="Budget Submitted",Q36="ROM Submitted"),X36<>"",X36<=TODAY()+3),"DUE SOON",IF(AND(OR(Q36="Bid Submitted",Q36="Budget Submitted",Q36="ROM Submitted"),X36=""),"MISSING","OK"))) -> MISSING | AF36: =IF(TRIM(IF(B36="","[Missing Project Name] ","")&IF(C36="","[Missing GC] ","")&IF(I36="","[Missing Plumb Estimator] ","")&IF(AND(Q36<>"In Progress",Q36<>"No Bid",Q36<>"On Hold",P36=""),"[Missing Bid Amount] ","")&IF(AND(Q36="Awarded",R36=""),"[Awarded-No Award Amount] ","")&IF(AND(Q36="Lost",U36=""),"[Lost-No Lost Reason] ","")&IF(AND(OR(Q36="Bid Submitted",Q36="Budget Submitted"),X36=""),"[Pending-No Follow-Up Date] ","")&IF(AND(OR(Q36="Bid Submitted",Q36="Budget Submitted"),Y36=""),"[Pending-No Follow-Up Owner] ","")&IF(AND(L36<>"",L36<TODAY(),OR(Q36="In Progress",Q36="")),"[Bid Due Date Passed] ",""))="","OK",TRIM(IF(B36="","[Missing Project Name] ","")&IF(C36="","[Missing GC] ","")&IF(I36="","[Missing Plumb Estimator] ","")&IF(AND(Q36<>"In Progress",Q36<>"No Bid",Q36<>"On Hold",P36=""),"[Missing Bid Amount] ","")&IF(AND(Q36="Awarded",R36=""),"[Awarded-No Award Amount] ","")&IF(AND(Q36="Lost",U36=""),"[Lost-No Lost Reason] ","")&IF(AND(OR(Q36="Bid Submitted",Q36="Budget Submitted"),X36=""),"[Pending-No Follow-Up Date] ","")&IF(AND(OR(Q36="Bid Submitted",Q36="Budget Submitted"),Y36=""),"[Pending-No Follow-Up Owner] ","")&IF(AND(L36<>"",L36<TODAY(),OR(Q36="In Progress",Q36="")),"[Bid Due Date Passed] ",""))) -> [Pending-No Follow-Up Date] [Pending-No Follow-Up Owner]
A37: ASM-2026-036 | B37: Northwest Yardworks | C37: Forge Contractors | E37: Professional Office | F37: Plumbing Only | G37: Hard Bid | H37: Hard Bid | I37: Les | K37: 46118.25 | N37: 645427 | P37: =IFERROR(IF(AND(N37="",O37=""),"",IFERROR(N37,0)+IFERROR(O37,0)),"") -> 645427 | Q37: Lost | W37: 0 | AA37: GC: Forge Contractors | AB37: =IFERROR(VLOOKUP(A37,'Go-No-Go'!$A:$M,12,0),"") | AC37: =IFERROR(VLOOKUP(A37,'Go-No-Go'!$A:$N,14,0),"") | AD37: =IF(OR(Q37="Bid Submitted",Q37="Budget Submitted",Q37="ROM Submitted",Q37="In Progress"),IF(M37<>"",TODAY()-M37,IF(K37<>"",TODAY()-K37,"")),"") | AE37: =IF(AND(OR(Q37="Bid Submitted",Q37="Budget Submitted",Q37="ROM Submitted"),X37<>"",X37<TODAY()),"OVERDUE",IF(AND(OR(Q37="Bid Submitted",Q37="Budget Submitted",Q37="ROM Submitted"),X37<>"",X37<=TODAY()+3),"DUE SOON",IF(AND(OR(Q37="Bid Submitted",Q37="Budget Submitted",Q37="ROM Submitted"),X37=""),"MISSING","OK"))) -> OK | AF37: =IF(TRIM(IF(B37="","[Missing Project Name] ","")&IF(C37="","[Missing GC] ","")&IF(I37="","[Missing Plumb Estimator] ","")&IF(AND(Q37<>"In Progress",Q37<>"No Bid",Q37<>"On Hold",P37=""),"[Missing Bid Amount] ","")&IF(AND(Q37="Awarded",R37=""),"[Awarded-No Award Amount] ","")&IF(AND(Q37="Lost",U37=""),"[Lost-No Lost Reason] ","")&IF(AND(OR(Q37="Bid Submitted",Q37="Budget Submitted"),X37=""),"[Pending-No Follow-Up Date] ","")&IF(AND(OR(Q37="Bid Submitted",Q37="Budget Submitted"),Y37=""),"[Pending-No Follow-Up Owner] ","")&IF(AND(L37<>"",L37<TODAY(),OR(Q37="In Progress",Q37="")),"[Bid Due Date Passed] ",""))="","OK",TRIM(IF(B37="","[Missing Project Name] ","")&IF(C37="","[Missing GC] ","")&IF(I37="","[Missing Plumb Estimator] ","")&IF(AND(Q37<>"In Progress",Q37<>"No Bid",Q37<>"On Hold",P37=""),"[Missing Bid Amount] ","")&IF(AND(Q37="Awarded",R37=""),"[Awarded-No Award Amount] ","")&IF(AND(Q37="Lost",U37=""),"[Lost-No Lost Reason] ","")&IF(AND(OR(Q37="Bid Submitted",Q37="Budget Submitted"),X37=""),"[Pending-No Follow-Up Date] ","")&IF(AND(OR(Q37="Bid Submitted",Q37="Budget Submitted"),Y37=""),"[Pending-No Follow-Up Owner] ","")&IF(AND(L37<>"",L37<TODAY(),OR(Q37="In Progress",Q37="")),"[Bid Due Date Passed] ",""))) -> [Lost-No Lost Reason]
A38: ASM-2026-037 | B38: Skims | C38: Sheiner Commercial Group | E38: Professional Office | F38: Full Mechanical | G38: Hard Bid | H38: Hard Bid | I38: Les | J38: Stephen | K38: 46121.25 | N38: 311643 | P38: =IFERROR(IF(AND(N38="",O38=""),"",IFERROR(N38,0)+IFERROR(O38,0)),"") -> 311643 | Q38: Lost | W38: 0 | AA38: GC: Sheiner Commercial Group | AB38: =IFERROR(VLOOKUP(A38,'Go-No-Go'!$A:$M,12,0),"") | AC38: =IFERROR(VLOOKUP(A38,'Go-No-Go'!$A:$N,14,0),"") | AD38: =IF(OR(Q38="Bid Submitted",Q38="Budget Submitted",Q38="ROM Submitted",Q38="In Progress"),IF(M38<>"",TODAY()-M38,IF(K38<>"",TODAY()-K38,"")),"") | AE38: =IF(AND(OR(Q38="Bid Submitted",Q38="Budget Submitted",Q38="ROM Submitted"),X38<>"",X38<TODAY()),"OVERDUE",IF(AND(OR(Q38="Bid Submitted",Q38="Budget Submitted",Q38="ROM Submitted"),X38<>"",X38<=TODAY()+3),"DUE SOON",IF(AND(OR(Q38="Bid Submitted",Q38="Budget Submitted",Q38="ROM Submitted"),X38=""),"MISSING","OK"))) -> OK | AF38: =IF(TRIM(IF(B38="","[Missing Project Name] ","")&IF(C38="","[Missing GC] ","")&IF(I38="","[Missing Plumb Estimator] ","")&IF(AND(Q38<>"In Progress",Q38<>"No Bid",Q38<>"On Hold",P38=""),"[Missing Bid Amount] ","")&IF(AND(Q38="Awarded",R38=""),"[Awarded-No Award Amount] ","")&IF(AND(Q38="Lost",U38=""),"[Lost-No Lost Reason] ","")&IF(AND(OR(Q38="Bid Submitted",Q38="Budget Submitted"),X38=""),"[Pending-No Follow-Up Date] ","")&IF(AND(OR(Q38="Bid Submitted",Q38="Budget Submitted"),Y38=""),"[Pending-No Follow-Up Owner] ","")&IF(AND(L38<>"",L38<TODAY(),OR(Q38="In Progress",Q38="")),"[Bid Due Date Passed] ",""))="","OK",TRIM(IF(B38="","[Missing Project Name] ","")&IF(C38="","[Missing GC] ","")&IF(I38="","[Missing Plumb Estimator] ","")&IF(AND(Q38<>"In Progress",Q38<>"No Bid",Q38<>"On Hold",P38=""),"[Missing Bid Amount] ","")&IF(AND(Q38="Awarded",R38=""),"[Awarded-No Award Amount] ","")&IF(AND(Q38="Lost",U38=""),"[Lost-No Lost Reason] ","")&IF(AND(OR(Q38="Bid Submitted",Q38="Budget Submitted"),X38=""),"[Pending-No Follow-Up Date] ","")&IF(AND(OR(Q38="Bid Submitted",Q38="Budget Submitted"),Y38=""),"[Pending-No Follow-Up Owner] ","")&IF(AND(L38<>"",L38<TODAY(),OR(Q38="In Progress",Q38="")),"[Bid Due Date Passed] ",""))) -> [Lost-No Lost Reason]
A39: ASM-2026-038 | B39: U of U Fan Coil Replacement | C39: Fortis | D39: Salt Lake City, UT | E39: Healthcare | F39: HVAC Only | G39: Budget | H39: Negotiated | J39: Les | K39: 46132.25 | O39: 28000 | P39: =IFERROR(IF(AND(N39="",O39=""),"",IFERROR(N39,0)+IFERROR(O39,0)),"") -> 28000 | Q39: Lost | W39: 0 | AA39: GC: Fortis | AB39: =IFERROR(VLOOKUP(A39,'Go-No-Go'!$A:$M,12,0),"") | AC39: =IFERROR(VLOOKUP(A39,'Go-No-Go'!$A:$N,14,0),"") | AD39: =IF(OR(Q39="Bid Submitted",Q39="Budget Submitted",Q39="ROM Submitted",Q39="In Progress"),IF(M39<>"",TODAY()-M39,IF(K39<>"",TODAY()-K39,"")),"") | AE39: =IF(AND(OR(Q39="Bid Submitted",Q39="Budget Submitted",Q39="ROM Submitted"),X39<>"",X39<TODAY()),"OVERDUE",IF(AND(OR(Q39="Bid Submitted",Q39="Budget Submitted",Q39="ROM Submitted"),X39<>"",X39<=TODAY()+3),"DUE SOON",IF(AND(OR(Q39="Bid Submitted",Q39="Budget Submitted",Q39="ROM Submitted"),X39=""),"MISSING","OK"))) -> OK | AF39: =IF(TRIM(IF(B39="","[Missing Project Name] ","")&IF(C39="","[Missing GC] ","")&IF(I39="","[Missing Plumb Estimator] ","")&IF(AND(Q39<>"In Progress",Q39<>"No Bid",Q39<>"On Hold",P39=""),"[Missing Bid Amount] ","")&IF(AND(Q39="Awarded",R39=""),"[Awarded-No Award Amount] ","")&IF(AND(Q39="Lost",U39=""),"[Lost-No Lost Reason] ","")&IF(AND(OR(Q39="Bid Submitted",Q39="Budget Submitted"),X39=""),"[Pending-No Follow-Up Date] ","")&IF(AND(OR(Q39="Bid Submitted",Q39="Budget Submitted"),Y39=""),"[Pending-No Follow-Up Owner] ","")&IF(AND(L39<>"",L39<TODAY(),OR(Q39="In Progress",Q39="")),"[Bid Due Date Passed] ",""))="","OK",TRIM(IF(B39="","[Missing Project Name] ","")&IF(C39="","[Missing GC] ","")&IF(I39="","[Missing Plumb Estimator] ","")&IF(AND(Q39<>"In Progress",Q39<>"No Bid",Q39<>"On Hold",P39=""),"[Missing Bid Amount] ","")&IF(AND(Q39="Awarded",R39=""),"[Awarded-No Award Amount] ","")&IF(AND(Q39="Lost",U39=""),"[Lost-No Lost Reason] ","")&IF(AND(OR(Q39="Bid Submitted",Q39="Budget Submitted"),X39=""),"[Pending-No Follow-Up Date] ","")&IF(AND(OR(Q39="Bid Submitted",Q39="Budget Submitted"),Y39=""),"[Pending-No Follow-Up Owner] ","")&IF(AND(L39<>"",L39<TODAY(),OR(Q39="In Progress",Q39="")),"[Bid Due Date Passed] ",""))) -> [Missing Plumb Estimator] [Lost-No Lost Reason]
A40: ASM-2026-039 | B40: UVH Sorenson 9th Floor Remodel | C40: Big-D | D40: Salt Lake City, UT | E40: Healthcare | F40: Full Mechanical | G40: Hard Bid | H40: Hard Bid | I40: Les | J40: Stephen | K40: 46146.25 | N40: 1358760 | O40: 960690 | P40: =IFERROR(IF(AND(N40="",O40=""),"",IFERROR(N40,0)+IFERROR(O40,0)),"") -> 2319450 | Q40: Bid Submitted | W40: 0.5 | AA40: GC: Big-D | AB40: =IFERROR(VLOOKUP(A40,'Go-No-Go'!$A:$M,12,0),"") | AC40: =IFERROR(VLOOKUP(A40,'Go-No-Go'!$A:$N,14,0),"") | AD40: =IF(OR(Q40="Bid Submitted",Q40="Budget Submitted",Q40="ROM Submitted",Q40="In Progress"),IF(M40<>"",TODAY()-M40,IF(K40<>"",TODAY()-K40,"")),"") -> 8.75 | AE40: =IF(AND(OR(Q40="Bid Submitted",Q40="Budget Submitted",Q40="ROM Submitted"),X40<>"",X40<TODAY()),"OVERDUE",IF(AND(OR(Q40="Bid Submitted",Q40="Budget Submitted",Q40="ROM Submitted"),X40<>"",X40<=TODAY()+3),"DUE SOON",IF(AND(OR(Q40="Bid Submitted",Q40="Budget Submitted",Q40="ROM Submitted"),X40=""),"MISSING","OK"))) -> MISSING | AF40: =IF(TRIM(IF(B40="","[Missing Project Name] ","")&IF(C40="","[Missing GC] ","")&IF(I40="","[Missing Plumb Estimator] ","")&IF(AND(Q40<>"In Progress",Q40<>"No Bid",Q40<>"On Hold",P40=""),"[Missing Bid Amount] ","")&IF(AND(Q40="Awarded",R40=""),"[Awarded-No Award Amount] ","")&IF(AND(Q40="Lost",U40=""),"[Lost-No Lost Reason] ","")&IF(AND(OR(Q40="Bid Submitted",Q40="Budget Submitted"),X40=""),"[Pending-No Follow-Up Date] ","")&IF(AND(OR(Q40="Bid Submitted",Q40="Budget Submitted"),Y40=""),"[Pending-No Follow-Up Owner] ","")&IF(AND(L40<>"",L40<TODAY(),OR(Q40="In Progress",Q40="")),"[Bid Due Date Passed] ",""))="","OK",TRIM(IF(B40="","[Missing Project Name] ","")&IF(C40="","[Missing GC] ","")&IF(I40="","[Missing Plumb Estimator] ","")&IF(AND(Q40<>"In Progress",Q40<>"No Bid",Q40<>"On Hold",P40=""),"[Missing Bid Amount] ","")&IF(AND(Q40="Awarded",R40=""),"[Awarded-No Award Amount] ","")&IF(AND(Q40="Lost",U40=""),"[Lost-No Lost Reason] ","")&IF(AND(OR(Q40="Bid Submitted",Q40="Budget Submitted"),X40=""),"[Pending-No Follow-Up Date] ","")&IF(AND(OR(Q40="Bid Submitted",Q40="Budget Submitted"),Y40=""),"[Pending-No Follow-Up Owner] ","")&IF(AND(L40<>"",L40<TODAY(),OR(Q40="In Progress",Q40="")),"[Bid Due Date Passed] ",""))) -> [Pending-No Follow-Up Date] [Pending-No Follow-Up Owner]
A41: ASM-2026-040 | B41: Sharon Elementary Remodel | C41: Westland | E41: Education | F41: Full Mechanical | G41: Hard Bid | H41: Hard Bid | I41: Les | J41: Stephen | K41: 46142.25 | N41: 313879 | O41: 543475 | P41: =IFERROR(IF(AND(N41="",O41=""),"",IFERROR(N41,0)+IFERROR(O41,0)),"") -> 857354 | Q41: Bid Submitted | W41: 0.5 | AA41: GCs: Westland & Judd | AB41: =IFERROR(VLOOKUP(A41,'Go-No-Go'!$A:$M,12,0),"") | AC41: =IFERROR(VLOOKUP(A41,'Go-No-Go'!$A:$N,14,0),"") | AD41: =IF(OR(Q41="Bid Submitted",Q41="Budget Submitted",Q41="ROM Submitted",Q41="In Progress"),IF(M41<>"",TODAY()-M41,IF(K41<>"",TODAY()-K41,"")),"") -> 12.75 | AE41: =IF(AND(OR(Q41="Bid Submitted",Q41="Budget Submitted",Q41="ROM Submitted"),X41<>"",X41<TODAY()),"OVERDUE",IF(AND(OR(Q41="Bid Submitted",Q41="Budget Submitted",Q41="ROM Submitted"),X41<>"",X41<=TODAY()+3),"DUE SOON",IF(AND(OR(Q41="Bid Submitted",Q41="Budget Submitted",Q41="ROM Submitted"),X41=""),"MISSING","OK"))) -> MISSING | AF41: =IF(TRIM(IF(B41="","[Missing Project Name] ","")&IF(C41="","[Missing GC] ","")&IF(I41="","[Missing Plumb Estimator] ","")&IF(AND(Q41<>"In Progress",Q41<>"No Bid",Q41<>"On Hold",P41=""),"[Missing Bid Amount] ","")&IF(AND(Q41="Awarded",R41=""),"[Awarded-No Award Amount] ","")&IF(AND(Q41="Lost",U41=""),"[Lost-No Lost Reason] ","")&IF(AND(OR(Q41="Bid Submitted",Q41="Budget Submitted"),X41=""),"[Pending-No Follow-Up Date] ","")&IF(AND(OR(Q41="Bid Submitted",Q41="Budget Submitted"),Y41=""),"[Pending-No Follow-Up Owner] ","")&IF(AND(L41<>"",L41<TODAY(),OR(Q41="In Progress",Q41="")),"[Bid Due Date Passed] ",""))="","OK",TRIM(IF(B41="","[Missing Project Name] ","")&IF(C41="","[Missing GC] ","")&IF(I41="","[Missing Plumb Estimator] ","")&IF(AND(Q41<>"In Progress",Q41<>"No Bid",Q41<>"On Hold",P41=""),"[Missing Bid Amount] ","")&IF(AND(Q41="Awarded",R41=""),"[Awarded-No Award Amount] ","")&IF(AND(Q41="Lost",U41=""),"[Lost-No Lost Reason] ","")&IF(AND(OR(Q41="Bid Submitted",Q41="Budget Submitted"),X41=""),"[Pending-No Follow-Up Date] ","")&IF(AND(OR(Q41="Bid Submitted",Q41="Budget Submitted"),Y41=""),"[Pending-No Follow-Up Owner] ","")&IF(AND(L41<>"",L41<TODAY(),OR(Q41="In Progress",Q41="")),"[Bid Due Date Passed] ",""))) -> [Pending-No Follow-Up Date] [Pending-No Follow-Up Owner]
A42: ASM-2026-041 | B42: The Point Parcel H3A | C42: R&O | E42: Multi-Family | F42: Budget Only | G42: Budget | H42: Negotiated | I42: Sam | K42: 46094.25 | N42: 11897000 | P42: =IFERROR(IF(AND(N42="",O42=""),"",IFERROR(N42,0)+IFERROR(O42,0)),"") -> 11897000 | Q42: Bid Submitted | W42: 0.5 | AA42: GC: R&O — budget pricing | AB42: =IFERROR(VLOOKUP(A42,'Go-No-Go'!$A:$M,12,0),"") | AC42: =IFERROR(VLOOKUP(A42,'Go-No-Go'!$A:$N,14,0),"") | AD42: =IF(OR(Q42="Bid Submitted",Q42="Budget Submitted",Q42="ROM Submitted",Q42="In Progress"),IF(M42<>"",TODAY()-M42,IF(K42<>"",TODAY()-K42,"")),"") -> 60.75 | AE42: =IF(AND(OR(Q42="Bid Submitted",Q42="Budget Submitted",Q42="ROM Submitted"),X42<>"",X42<TODAY()),"OVERDUE",IF(AND(OR(Q42="Bid Submitted",Q42="Budget Submitted",Q42="ROM Submitted"),X42<>"",X42<=TODAY()+3),"DUE SOON",IF(AND(OR(Q42="Bid Submitted",Q42="Budget Submitted",Q42="ROM Submitted"),X42=""),"MISSING","OK"))) -> MISSING | AF42: =IF(TRIM(IF(B42="","[Missing Project Name] ","")&IF(C42="","[Missing GC] ","")&IF(I42="","[Missing Plumb Estimator] ","")&IF(AND(Q42<>"In Progress",Q42<>"No Bid",Q42<>"On Hold",P42=""),"[Missing Bid Amount] ","")&IF(AND(Q42="Awarded",R42=""),"[Awarded-No Award Amount] ","")&IF(AND(Q42="Lost",U42=""),"[Lost-No Lost Reason] ","")&IF(AND(OR(Q42="Bid Submitted",Q42="Budget Submitted"),X42=""),"[Pending-No Follow-Up Date] ","")&IF(AND(OR(Q42="Bid Submitted",Q42="Budget Submitted"),Y42=""),"[Pending-No Follow-Up Owner] ","")&IF(AND(L42<>"",L42<TODAY(),OR(Q42="In Progress",Q42="")),"[Bid Due Date Passed] ",""))="","OK",TRIM(IF(B42="","[Missing Project Name] ","")&IF(C42="","[Missing GC] ","")&IF(I42="","[Missing Plumb Estimator] ","")&IF(AND(Q42<>"In Progress",Q42<>"No Bid",Q42<>"On Hold",P42=""),"[Missing Bid Amount] ","")&IF(AND(Q42="Awarded",R42=""),"[Awarded-No Award Amount] ","")&IF(AND(Q42="Lost",U42=""),"[Lost-No Lost Reason] ","")&IF(AND(OR(Q42="Bid Submitted",Q42="Budget Submitted"),X42=""),"[Pending-No Follow-Up Date] ","")&IF(AND(OR(Q42="Bid Submitted",Q42="Budget Submitted"),Y42=""),"[Pending-No Follow-Up Owner] ","")&IF(AND(L42<>"",L42<TODAY(),OR(Q42="In Progress",Q42="")),"[Bid Due Date Passed] ",""))) -> [Pending-No Follow-Up Date] [Pending-No Follow-Up Owner]
A43: ASM-2026-042 | B43: Xenter | C43: Jacobsen Construction | E43: Industrial / Manufacturing | F43: Full Mechanical | G43: Budget | H43: Negotiated | I43: Sam | K43: 46135.25 | N43: 1950000 | P43: =IFERROR(IF(AND(N43="",O43=""),"",IFERROR(N43,0)+IFERROR(O43,0)),"") -> 1950000 | Q43: Bid Submitted | W43: 0.5 | AA43: GC: Jacobsen Construction — budget pricing | AB43: =IFERROR(VLOOKUP(A43,'Go-No-Go'!$A:$M,12,0),"") | AC43: =IFERROR(VLOOKUP(A43,'Go-No-Go'!$A:$N,14,0),"") | AD43: =IF(OR(Q43="Bid Submitted",Q43="Budget Submitted",Q43="ROM Submitted",Q43="In Progress"),IF(M43<>"",TODAY()-M43,IF(K43<>"",TODAY()-K43,"")),"") -> 19.75 | AE43: =IF(AND(OR(Q43="Bid Submitted",Q43="Budget Submitted",Q43="ROM Submitted"),X43<>"",X43<TODAY()),"OVERDUE",IF(AND(OR(Q43="Bid Submitted",Q43="Budget Submitted",Q43="ROM Submitted"),X43<>"",X43<=TODAY()+3),"DUE SOON",IF(AND(OR(Q43="Bid Submitted",Q43="Budget Submitted",Q43="ROM Submitted"),X43=""),"MISSING","OK"))) -> MISSING | AF43: =IF(TRIM(IF(B43="","[Missing Project Name] ","")&IF(C43="","[Missing GC] ","")&IF(I43="","[Missing Plumb Estimator] ","")&IF(AND(Q43<>"In Progress",Q43<>"No Bid",Q43<>"On Hold",P43=""),"[Missing Bid Amount] ","")&IF(AND(Q43="Awarded",R43=""),"[Awarded-No Award Amount] ","")&IF(AND(Q43="Lost",U43=""),"[Lost-No Lost Reason] ","")&IF(AND(OR(Q43="Bid Submitted",Q43="Budget Submitted"),X43=""),"[Pending-No Follow-Up Date] ","")&IF(AND(OR(Q43="Bid Submitted",Q43="Budget Submitted"),Y43=""),"[Pending-No Follow-Up Owner] ","")&IF(AND(L43<>"",L43<TODAY(),OR(Q43="In Progress",Q43="")),"[Bid Due Date Passed] ",""))="","OK",TRIM(IF(B43="","[Missing Project Name] ","")&IF(C43="","[Missing GC] ","")&IF(I43="","[Missing Plumb Estimator] ","")&IF(AND(Q43<>"In Progress",Q43<>"No Bid",Q43<>"On Hold",P43=""),"[Missing Bid Amount] ","")&IF(AND(Q43="Awarded",R43=""),"[Awarded-No Award Amount] ","")&IF(AND(Q43="Lost",U43=""),"[Lost-No Lost Reason] ","")&IF(AND(OR(Q43="Bid Submitted",Q43="Budget Submitted"),X43=""),"[Pending-No Follow-Up Date] ","")&IF(AND(OR(Q43="Bid Submitted",Q43="Budget Submitted"),Y43=""),"[Pending-No Follow-Up Owner] ","")&IF(AND(L43<>"",L43<TODAY(),OR(Q43="In Progress",Q43="")),"[Bid Due Date Passed] ",""))) -> [Pending-No Follow-Up Date] [Pending-No Follow-Up Owner]
A44: ASM-2026-043 | B44: ARA Southwest (St. George) | C44: Campbell | D44: St. George, UT | E44: Professional Office | F44: Full Mechanical | G44: Hard Bid | H44: Hard Bid | I44: Patrick | J44: No Bid | K44: 46132.25 | N44: 885352 | P44: =IFERROR(IF(AND(N44="",O44=""),"",IFERROR(N44,0)+IFERROR(O44,0)),"") -> 885352 | Q44: In Progress | W44: 0.25 | AA44: GC: Campbell | AB44: =IFERROR(VLOOKUP(A44,'Go-No-Go'!$A:$M,12,0),"") | AC44: =IFERROR(VLOOKUP(A44,'Go-No-Go'!$A:$N,14,0),"") | AD44: =IF(OR(Q44="Bid Submitted",Q44="Budget Submitted",Q44="ROM Submitted",Q44="In Progress"),IF(M44<>"",TODAY()-M44,IF(K44<>"",TODAY()-K44,"")),"") -> 22.75 | AE44: =IF(AND(OR(Q44="Bid Submitted",Q44="Budget Submitted",Q44="ROM Submitted"),X44<>"",X44<TODAY()),"OVERDUE",IF(AND(OR(Q44="Bid Submitted",Q44="Budget Submitted",Q44="ROM Submitted"),X44<>"",X44<=TODAY()+3),"DUE SOON",IF(AND(OR(Q44="Bid Submitted",Q44="Budget Submitted",Q44="ROM Submitted"),X44=""),"MISSING","OK"))) -> OK | AF44: =IF(TRIM(IF(B44="","[Missing Project Name] ","")&IF(C44="","[Missing GC] ","")&IF(I44="","[Missing Plumb Estimator] ","")&IF(AND(Q44<>"In Progress",Q44<>"No Bid",Q44<>"On Hold",P44=""),"[Missing Bid Amount] ","")&IF(AND(Q44="Awarded",R44=""),"[Awarded-No Award Amount] ","")&IF(AND(Q44="Lost",U44=""),"[Lost-No Lost Reason] ","")&IF(AND(OR(Q44="Bid Submitted",Q44="Budget Submitted"),X44=""),"[Pending-No Follow-Up Date] ","")&IF(AND(OR(Q44="Bid Submitted",Q44="Budget Submitted"),Y44=""),"[Pending-No Follow-Up Owner] ","")&IF(AND(L44<>"",L44<TODAY(),OR(Q44="In Progress",Q44="")),"[Bid Due Date Passed] ",""))="","OK",TRIM(IF(B44="","[Missing Project Name] ","")&IF(C44="","[Missing GC] ","")&IF(I44="","[Missing Plumb Estimator] ","")&IF(AND(Q44<>"In Progress",Q44<>"No Bid",Q44<>"On Hold",P44=""),"[Missing Bid Amount] ","")&IF(AND(Q44="Awarded",R44=""),"[Awarded-No Award Amount] ","")&IF(AND(Q44="Lost",U44=""),"[Lost-No Lost Reason] ","")&IF(AND(OR(Q44="Bid Submitted",Q44="Budget Submitted"),X44=""),"[Pending-No Follow-Up Date] ","")&IF(AND(OR(Q44="Bid Submitted",Q44="Budget Submitted"),Y44=""),"[Pending-No Follow-Up Owner] ","")&IF(AND(L44<>"",L44<TODAY(),OR(Q44="In Progress",Q44="")),"[Bid Due Date Passed] ",""))) -> OK
A45: ASM-2026-044 | B45: Moab Hotel | C45: Bonneville | D45: Moab, UT | E45: Hotel / Resort | F45: Full Mechanical | G45: Hard Bid | H45: Hard Bid | I45: Patrick | J45: Stephen | K45: 46118.25 | P45: =IFERROR(IF(AND(N45="",O45=""),"",IFERROR(N45,0)+IFERROR(O45,0)),"") | Q45: In Progress | W45: 0.25 | AA45: GC: Bonneville | AB45: =IFERROR(VLOOKUP(A45,'Go-No-Go'!$A:$M,12,0),"") | AC45: =IFERROR(VLOOKUP(A45,'Go-No-Go'!$A:$N,14,0),"") | AD45: =IF(OR(Q45="Bid Submitted",Q45="Budget Submitted",Q45="ROM Submitted",Q45="In Progress"),IF(M45<>"",TODAY()-M45,IF(K45<>"",TODAY()-K45,"")),"") -> 36.75 | AE45: =IF(AND(OR(Q45="Bid Submitted",Q45="Budget Submitted",Q45="ROM Submitted"),X45<>"",X45<TODAY()),"OVERDUE",IF(AND(OR(Q45="Bid Submitted",Q45="Budget Submitted",Q45="ROM Submitted"),X45<>"",X45<=TODAY()+3),"DUE SOON",IF(AND(OR(Q45="Bid Submitted",Q45="Budget Submitted",Q45="ROM Submitted"),X45=""),"MISSING","OK"))) -> OK | AF45: =IF(TRIM(IF(B45="","[Missing Project Name] ","")&IF(C45="","[Missing GC] ","")&IF(I45="","[Missing Plumb Estimator] ","")&IF(AND(Q45<>"In Progress",Q45<>"No Bid",Q45<>"On Hold",P45=""),"[Missing Bid Amount] ","")&IF(AND(Q45="Awarded",R45=""),"[Awarded-No Award Amount] ","")&IF(AND(Q45="Lost",U45=""),"[Lost-No Lost Reason] ","")&IF(AND(OR(Q45="Bid Submitted",Q45="Budget Submitted"),X45=""),"[Pending-No Follow-Up Date] ","")&IF(AND(OR(Q45="Bid Submitted",Q45="Budget Submitted"),Y45=""),"[Pending-No Follow-Up Owner] ","")&IF(AND(L45<>"",L45<TODAY(),OR(Q45="In Progress",Q45="")),"[Bid Due Date Passed] ",""))="","OK",TRIM(IF(B45="","[Missing Project Name] ","")&IF(C45="","[Missing GC] ","")&IF(I45="","[Missing Plumb Estimator] ","")&IF(AND(Q45<>"In Progress",Q45<>"No Bid",Q45<>"On Hold",P45=""),"[Missing Bid Amount] ","")&IF(AND(Q45="Awarded",R45=""),"[Awarded-No Award Amount] ","")&IF(AND(Q45="Lost",U45=""),"[Lost-No Lost Reason] ","")&IF(AND(OR(Q45="Bid Submitted",Q45="Budget Submitted"),X45=""),"[Pending-No Follow-Up Date] ","")&IF(AND(OR(Q45="Bid Submitted",Q45="Budget Submitted"),Y45=""),"[Pending-No Follow-Up Owner] ","")&IF(AND(L45<>"",L45<TODAY(),OR(Q45="In Progress",Q45="")),"[Bid Due Date Passed] ",""))) -> OK
A46: ASM-2026-045 | B46: Trove Office Bldg | C46: Stout | E46: Professional Office | F46: Full Mechanical | G46: Hard Bid | H46: Hard Bid | I46: Patrick | J46: Stephen | K46: 46121.25 | P46: =IFERROR(IF(AND(N46="",O46=""),"",IFERROR(N46,0)+IFERROR(O46,0)),"") | Q46: In Progress | W46: 0.25 | AA46: GC: Stout | AB46: =IFERROR(VLOOKUP(A46,'Go-No-Go'!$A:$M,12,0),"") | AC46: =IFERROR(VLOOKUP(A46,'Go-No-Go'!$A:$N,14,0),"") | AD46: =IF(OR(Q46="Bid Submitted",Q46="Budget Submitted",Q46="ROM Submitted",Q46="In Progress"),IF(M46<>"",TODAY()-M46,IF(K46<>"",TODAY()-K46,"")),"") -> 33.75 | AE46: =IF(AND(OR(Q46="Bid Submitted",Q46="Budget Submitted",Q46="ROM Submitted"),X46<>"",X46<TODAY()),"OVERDUE",IF(AND(OR(Q46="Bid Submitted",Q46="Budget Submitted",Q46="ROM Submitted"),X46<>"",X46<=TODAY()+3),"DUE SOON",IF(AND(OR(Q46="Bid Submitted",Q46="Budget Submitted",Q46="ROM Submitted"),X46=""),"MISSING","OK"))) -> OK | AF46: =IF(TRIM(IF(B46="","[Missing Project Name] ","")&IF(C46="","[Missing GC] ","")&IF(I46="","[Missing Plumb Estimator] ","")&IF(AND(Q46<>"In Progress",Q46<>"No Bid",Q46<>"On Hold",P46=""),"[Missing Bid Amount] ","")&IF(AND(Q46="Awarded",R46=""),"[Awarded-No Award Amount] ","")&IF(AND(Q46="Lost",U46=""),"[Lost-No Lost Reason] ","")&IF(AND(OR(Q46="Bid Submitted",Q46="Budget Submitted"),X46=""),"[Pending-No Follow-Up Date] ","")&IF(AND(OR(Q46="Bid Submitted",Q46="Budget Submitted"),Y46=""),"[Pending-No Follow-Up Owner] ","")&IF(AND(L46<>"",L46<TODAY(),OR(Q46="In Progress",Q46="")),"[Bid Due Date Passed] ",""))="","OK",TRIM(IF(B46="","[Missing Project Name] ","")&IF(C46="","[Missing GC] ","")&IF(I46="","[Missing Plumb Estimator] ","")&IF(AND(Q46<>"In Progress",Q46<>"No Bid",Q46<>"On Hold",P46=""),"[Missing Bid Amount] ","")&IF(AND(Q46="Awarded",R46=""),"[Awarded-No Award Amount] ","")&IF(AND(Q46="Lost",U46=""),"[Lost-No Lost Reason] ","")&IF(AND(OR(Q46="Bid Submitted",Q46="Budget Submitted"),X46=""),"[Pending-No Follow-Up Date] ","")&IF(AND(OR(Q46="Bid Submitted",Q46="Budget Submitted"),Y46=""),"[Pending-No Follow-Up Owner] ","")&IF(AND(L46<>"",L46<TODAY(),OR(Q46="In Progress",Q46="")),"[Bid Due Date Passed] ",""))) -> OK
A47: ASM-2026-046 | B47: IH St. George AHC | C47: Big-D | D47: St. George, UT | E47: Professional Office | F47: Full Mechanical | G47: Hard Bid | H47: Hard Bid | I47: Patrick | J47: Stephen | K47: 46119.25 | N47: 599945 | O47: 484763 | P47: =IFERROR(IF(AND(N47="",O47=""),"",IFERROR(N47,0)+IFERROR(O47,0)),"") -> 1084708 | Q47: Lost | S47: Local Plumber | T47: 922708 | U47: Relationship | W47: 0 | Z47: 46147.25 | AA47: GC: Big-D | AB47: =IFERROR(VLOOKUP(A47,'Go-No-Go'!$A:$M,12,0),"") | AC47: =IFERROR(VLOOKUP(A47,'Go-No-Go'!$A:$N,14,0),"") | AD47: =IF(OR(Q47="Bid Submitted",Q47="Budget Submitted",Q47="ROM Submitted",Q47="In Progress"),IF(M47<>"",TODAY()-M47,IF(K47<>"",TODAY()-K47,"")),"") | AE47: =IF(AND(OR(Q47="Bid Submitted",Q47="Budget Submitted",Q47="ROM Submitted"),X47<>"",X47<TODAY()),"OVERDUE",IF(AND(OR(Q47="Bid Submitted",Q47="Budget Submitted",Q47="ROM Submitted"),X47<>"",X47<=TODAY()+3),"DUE SOON",IF(AND(OR(Q47="Bid Submitted",Q47="Budget Submitted",Q47="ROM Submitted"),X47=""),"MISSING","OK"))) -> OK | AF47: =IF(TRIM(IF(B47="","[Missing Project Name] ","")&IF(C47="","[Missing GC] ","")&IF(I47="","[Missing Plumb Estimator] ","")&IF(AND(Q47<>"In Progress",Q47<>"No Bid",Q47<>"On Hold",P47=""),"[Missing Bid Amount] ","")&IF(AND(Q47="Awarded",R47=""),"[Awarded-No Award Amount] ","")&IF(AND(Q47="Lost",U47=""),"[Lost-No Lost Reason] ","")&IF(AND(OR(Q47="Bid Submitted",Q47="Budget Submitted"),X47=""),"[Pending-No Follow-Up Date] ","")&IF(AND(OR(Q47="Bid Submitted",Q47="Budget Submitted"),Y47=""),"[Pending-No Follow-Up Owner] ","")&IF(AND(L47<>"",L47<TODAY(),OR(Q47="In Progress",Q47="")),"[Bid Due Date Passed] ",""))="","OK",TRIM(IF(B47="","[Missing Project Name] ","")&IF(C47="","[Missing GC] ","")&IF(I47="","[Missing Plumb Estimator] ","")&IF(AND(Q47<>"In Progress",Q47<>"No Bid",Q47<>"On Hold",P47=""),"[Missing Bid Amount] ","")&IF(AND(Q47="Awarded",R47=""),"[Awarded-No Award Amount] ","")&IF(AND(Q47="Lost",U47=""),"[Lost-No Lost Reason] ","")&IF(AND(OR(Q47="Bid Submitted",Q47="Budget Submitted"),X47=""),"[Pending-No Follow-Up Date] ","")&IF(AND(OR(Q47="Bid Submitted",Q47="Budget Submitted"),Y47=""),"[Pending-No Follow-Up Owner] ","")&IF(AND(L47<>"",L47<TODAY(),OR(Q47="In Progress",Q47="")),"[Bid Due Date Passed] ",""))) -> OK
A48: ASM-2026-047 | B48: Ford Land TI | C48: HITT | E48: Professional Office | F48: Full Mechanical | G48: Design-Build | H48: Design-Build | I48: Patrick | J48: Stephen | K48: 46096.25 | N48: 247641 | O48: 341169 | P48: =IFERROR(IF(AND(N48="",O48=""),"",IFERROR(N48,0)+IFERROR(O48,0)),"") -> 588810 | Q48: Lost | S48: Harris Mechanical | T48: 588810 | U48: Price | W48: 0 | Z48: 46126.25 | AA48: GC: HITT | AB48: =IFERROR(VLOOKUP(A48,'Go-No-Go'!$A:$M,12,0),"") | AC48: =IFERROR(VLOOKUP(A48,'Go-No-Go'!$A:$N,14,0),"") | AD48: =IF(OR(Q48="Bid Submitted",Q48="Budget Submitted",Q48="ROM Submitted",Q48="In Progress"),IF(M48<>"",TODAY()-M48,IF(K48<>"",TODAY()-K48,"")),"") | AE48: =IF(AND(OR(Q48="Bid Submitted",Q48="Budget Submitted",Q48="ROM Submitted"),X48<>"",X48<TODAY()),"OVERDUE",IF(AND(OR(Q48="Bid Submitted",Q48="Budget Submitted",Q48="ROM Submitted"),X48<>"",X48<=TODAY()+3),"DUE SOON",IF(AND(OR(Q48="Bid Submitted",Q48="Budget Submitted",Q48="ROM Submitted"),X48=""),"MISSING","OK"))) -> OK | AF48: =IF(TRIM(IF(B48="","[Missing Project Name] ","")&IF(C48="","[Missing GC] ","")&IF(I48="","[Missing Plumb Estimator] ","")&IF(AND(Q48<>"In Progress",Q48<>"No Bid",Q48<>"On Hold",P48=""),"[Missing Bid Amount] ","")&IF(AND(Q48="Awarded",R48=""),"[Awarded-No Award Amount] ","")&IF(AND(Q48="Lost",U48=""),"[Lost-No Lost Reason] ","")&IF(AND(OR(Q48="Bid Submitted",Q48="Budget Submitted"),X48=""),"[Pending-No Follow-Up Date] ","")&IF(AND(OR(Q48="Bid Submitted",Q48="Budget Submitted"),Y48=""),"[Pending-No Follow-Up Owner] ","")&IF(AND(L48<>"",L48<TODAY(),OR(Q48="In Progress",Q48="")),"[Bid Due Date Passed] ",""))="","OK",TRIM(IF(B48="","[Missing Project Name] ","")&IF(C48="","[Missing GC] ","")&IF(I48="","[Missing Plumb Estimator] ","")&IF(AND(Q48<>"In Progress",Q48<>"No Bid",Q48<>"On Hold",P48=""),"[Missing Bid Amount] ","")&IF(AND(Q48="Awarded",R48=""),"[Awarded-No Award Amount] ","")&IF(AND(Q48="Lost",U48=""),"[Lost-No Lost Reason] ","")&IF(AND(OR(Q48="Bid Submitted",Q48="Budget Submitted"),X48=""),"[Pending-No Follow-Up Date] ","")&IF(AND(OR(Q48="Bid Submitted",Q48="Budget Submitted"),Y48=""),"[Pending-No Follow-Up Owner] ","")&IF(AND(L48<>"",L48<TODAY(),OR(Q48="In Progress",Q48="")),"[Bid Due Date Passed] ",""))) -> OK
A49: ASM-2026-048 | B49: Dirks Field / Book Cliffs | E49: Multi-Family | F49: Full Mechanical | G49: Hard Bid | H49: Hard Bid | I49: Cristhian | J49: Stephen | K49: 45957.25 | N49: 927548 | O49: 1330682 | P49: =IFERROR(IF(AND(N49="",O49=""),"",IFERROR(N49,0)+IFERROR(O49,0)),"") -> 2258230 | Q49: Awarded | R49: 927548 | W49: 1 | Z49: 46062.292 | AA49: Awarded Feb 2026 | AB49: =IFERROR(VLOOKUP(A49,'Go-No-Go'!$A:$M,12,0),"") | AC49: =IFERROR(VLOOKUP(A49,'Go-No-Go'!$A:$N,14,0),"") | AD49: =IF(OR(Q49="Bid Submitted",Q49="Budget Submitted",Q49="ROM Submitted",Q49="In Progress"),IF(M49<>"",TODAY()-M49,IF(K49<>"",TODAY()-K49,"")),"") | AE49: =IF(AND(OR(Q49="Bid Submitted",Q49="Budget Submitted",Q49="ROM Submitted"),X49<>"",X49<TODAY()),"OVERDUE",IF(AND(OR(Q49="Bid Submitted",Q49="Budget Submitted",Q49="ROM Submitted"),X49<>"",X49<=TODAY()+3),"DUE SOON",IF(AND(OR(Q49="Bid Submitted",Q49="Budget Submitted",Q49="ROM Submitted"),X49=""),"MISSING","OK"))) -> OK | AF49: =IF(TRIM(IF(B49="","[Missing Project Name] ","")&IF(C49="","[Missing GC] ","")&IF(I49="","[Missing Plumb Estimator] ","")&IF(AND(Q49<>"In Progress",Q49<>"No Bid",Q49<>"On Hold",P49=""),"[Missing Bid Amount] ","")&IF(AND(Q49="Awarded",R49=""),"[Awarded-No Award Amount] ","")&IF(AND(Q49="Lost",U49=""),"[Lost-No Lost Reason] ","")&IF(AND(OR(Q49="Bid Submitted",Q49="Budget Submitted"),X49=""),"[Pending-No Follow-Up Date] ","")&IF(AND(OR(Q49="Bid Submitted",Q49="Budget Submitted"),Y49=""),"[Pending-No Follow-Up Owner] ","")&IF(AND(L49<>"",L49<TODAY(),OR(Q49="In Progress",Q49="")),"[Bid Due Date Passed] ",""))="","OK",TRIM(IF(B49="","[Missing Project Name] ","")&IF(C49="","[Missing GC] ","")&IF(I49="","[Missing Plumb Estimator] ","")&IF(AND(Q49<>"In Progress",Q49<>"No Bid",Q49<>"On Hold",P49=""),"[Missing Bid Amount] ","")&IF(AND(Q49="Awarded",R49=""),"[Awarded-No Award Amount] ","")&IF(AND(Q49="Lost",U49=""),"[Lost-No Lost Reason] ","")&IF(AND(OR(Q49="Bid Submitted",Q49="Budget Submitted"),X49=""),"[Pending-No Follow-Up Date] ","")&IF(AND(OR(Q49="Bid Submitted",Q49="Budget Submitted"),Y49=""),"[Pending-No Follow-Up Owner] ","")&IF(AND(L49<>"",L49<TODAY(),OR(Q49="In Progress",Q49="")),"[Bid Due Date Passed] ",""))) -> [Missing GC]
A50: ASM-2026-049 | B50: Amelia Apartments | E50: Multi-Family | F50: Full Mechanical | G50: Hard Bid | H50: Hard Bid | I50: Cristhian | J50: Stephen | K50: 45992.292 | N50: 2240430 | O50: 3245170 | P50: =IFERROR(IF(AND(N50="",O50=""),"",IFERROR(N50,0)+IFERROR(O50,0)),"") -> 5485600 | Q50: Bid Submitted | W50: 0.5 | AB50: =IFERROR(VLOOKUP(A50,'Go-No-Go'!$A:$M,12,0),"") | AC50: =IFERROR(VLOOKUP(A50,'Go-No-Go'!$A:$N,14,0),"") | AD50: =IF(OR(Q50="Bid Submitted",Q50="Budget Submitted",Q50="ROM Submitted",Q50="In Progress"),IF(M50<>"",TODAY()-M50,IF(K50<>"",TODAY()-K50,"")),"") -> 162.70833 | AE50: =IF(AND(OR(Q50="Bid Submitted",Q50="Budget Submitted",Q50="ROM Submitted"),X50<>"",X50<TODAY()),"OVERDUE",IF(AND(OR(Q50="Bid Submitted",Q50="Budget Submitted",Q50="ROM Submitted"),X50<>"",X50<=TODAY()+3),"DUE SOON",IF(AND(OR(Q50="Bid Submitted",Q50="Budget Submitted",Q50="ROM Submitted"),X50=""),"MISSING","OK"))) -> MISSING | AF50: =IF(TRIM(IF(B50="","[Missing Project Name] ","")&IF(C50="","[Missing GC] ","")&IF(I50="","[Missing Plumb Estimator] ","")&IF(AND(Q50<>"In Progress",Q50<>"No Bid",Q50<>"On Hold",P50=""),"[Missing Bid Amount] ","")&IF(AND(Q50="Awarded",R50=""),"[Awarded-No Award Amount] ","")&IF(AND(Q50="Lost",U50=""),"[Lost-No Lost Reason] ","")&IF(AND(OR(Q50="Bid Submitted",Q50="Budget Submitted"),X50=""),"[Pending-No Follow-Up Date] ","")&IF(AND(OR(Q50="Bid Submitted",Q50="Budget Submitted"),Y50=""),"[Pending-No Follow-Up Owner] ","")&IF(AND(L50<>"",L50<TODAY(),OR(Q50="In Progress",Q50="")),"[Bid Due Date Passed] ",""))="","OK",TRIM(IF(B50="","[Missing Project Name] ","")&IF(C50="","[Missing GC] ","")&IF(I50="","[Missing Plumb Estimator] ","")&IF(AND(Q50<>"In Progress",Q50<>"No Bid",Q50<>"On Hold",P50=""),"[Missing Bid Amount] ","")&IF(AND(Q50="Awarded",R50=""),"[Awarded-No Award Amount] ","")&IF(AND(Q50="Lost",U50=""),"[Lost-No Lost Reason] ","")&IF(AND(OR(Q50="Bid Submitted",Q50="Budget Submitted"),X50=""),"[Pending-No Follow-Up Date] ","")&IF(AND(OR(Q50="Bid Submitted",Q50="Budget Submitted"),Y50=""),"[Pending-No Follow-Up Owner] ","")&IF(AND(L50<>"",L50<TODAY(),OR(Q50="In Progress",Q50="")),"[Bid Due Date Passed] ",""))) -> [Missing GC] [Pending-No Follow-Up Date] [Pending-No Follow-Up Owner]
A51: ASM-2026-050 | B51: Brooklyn Yards | E51: Multi-Family | F51: Plumbing Only | G51: Hard Bid | H51: Hard Bid | I51: Cristhian | K51: 46008.292 | N51: 2526170 | P51: =IFERROR(IF(AND(N51="",O51=""),"",IFERROR(N51,0)+IFERROR(O51,0)),"") -> 2526170 | Q51: Awarded | R51: 2526170 | W51: 1 | Z51: 46079.292 | AA51: Awarded Feb 2026 | AB51: =IFERROR(VLOOKUP(A51,'Go-No-Go'!$A:$M,12,0),"") | AC51: =IFERROR(VLOOKUP(A51,'Go-No-Go'!$A:$N,14,0),"") | AD51: =IF(OR(Q51="Bid Submitted",Q51="Budget Submitted",Q51="ROM Submitted",Q51="In Progress"),IF(M51<>"",TODAY()-M51,IF(K51<>"",TODAY()-K51,"")),"") | AE51: =IF(AND(OR(Q51="Bid Submitted",Q51="Budget Submitted",Q51="ROM Submitted"),X51<>"",X51<TODAY()),"OVERDUE",IF(AND(OR(Q51="Bid Submitted",Q51="Budget Submitted",Q51="ROM Submitted"),X51<>"",X51<=TODAY()+3),"DUE SOON",IF(AND(OR(Q51="Bid Submitted",Q51="Budget Submitted",Q51="ROM Submitted"),X51=""),"MISSING","OK"))) -> OK | AF51: =IF(TRIM(IF(B51="","[Missing Project Name] ","")&IF(C51="","[Missing GC] ","")&IF(I51="","[Missing Plumb Estimator] ","")&IF(AND(Q51<>"In Progress",Q51<>"No Bid",Q51<>"On Hold",P51=""),"[Missing Bid Amount] ","")&IF(AND(Q51="Awarded",R51=""),"[Awarded-No Award Amount] ","")&IF(AND(Q51="Lost",U51=""),"[Lost-No Lost Reason] ","")&IF(AND(OR(Q51="Bid Submitted",Q51="Budget Submitted"),X51=""),"[Pending-No Follow-Up Date] ","")&IF(AND(OR(Q51="Bid Submitted",Q51="Budget Submitted"),Y51=""),"[Pending-No Follow-Up Owner] ","")&IF(AND(L51<>"",L51<TODAY(),OR(Q51="In Progress",Q51="")),"[Bid Due Date Passed] ",""))="","OK",TRIM(IF(B51="","[Missing Project Name] ","")&IF(C51="","[Missing GC] ","")&IF(I51="","[Missing Plumb Estimator] ","")&IF(AND(Q51<>"In Progress",Q51<>"No Bid",Q51<>"On Hold",P51=""),"[Missing Bid Amount] ","")&IF(AND(Q51="Awarded",R51=""),"[Awarded-No Award Amount] ","")&IF(AND(Q51="Lost",U51=""),"[Lost-No Lost Reason] ","")&IF(AND(OR(Q51="Bid Submitted",Q51="Budget Submitted"),X51=""),"[Pending-No Follow-Up Date] ","")&IF(AND(OR(Q51="Bid Submitted",Q51="Budget Submitted"),Y51=""),"[Pending-No Follow-Up Owner] ","")&IF(AND(L51<>"",L51<TODAY(),OR(Q51="In Progress",Q51="")),"[Bid Due Date Passed] ",""))) -> [Missing GC]
A52: ASM-2026-051 | B52: Wasatch Rock | E52: Multi-Family | F52: Plumbing Only | G52: Hard Bid | H52: Hard Bid | I52: Cristhian | K52: 46010.292 | N52: 5246900 | P52: =IFERROR(IF(AND(N52="",O52=""),"",IFERROR(N52,0)+IFERROR(O52,0)),"") -> 5246900 | Q52: Bid Submitted | W52: 0.5 | AB52: =IFERROR(VLOOKUP(A52,'Go-No-Go'!$A:$M,12,0),"") | AC52: =IFERROR(VLOOKUP(A52,'Go-No-Go'!$A:$N,14,0),"") | AD52: =IF(OR(Q52="Bid Submitted",Q52="Budget Submitted",Q52="ROM Submitted",Q52="In Progress"),IF(M52<>"",TODAY()-M52,IF(K52<>"",TODAY()-K52,"")),"") -> 144.70833 | AE52: =IF(AND(OR(Q52="Bid Submitted",Q52="Budget Submitted",Q52="ROM Submitted"),X52<>"",X52<TODAY()),"OVERDUE",IF(AND(OR(Q52="Bid Submitted",Q52="Budget Submitted",Q52="ROM Submitted"),X52<>"",X52<=TODAY()+3),"DUE SOON",IF(AND(OR(Q52="Bid Submitted",Q52="Budget Submitted",Q52="ROM Submitted"),X52=""),"MISSING","OK"))) -> MISSING | AF52: =IF(TRIM(IF(B52="","[Missing Project Name] ","")&IF(C52="","[Missing GC] ","")&IF(I52="","[Missing Plumb Estimator] ","")&IF(AND(Q52<>"In Progress",Q52<>"No Bid",Q52<>"On Hold",P52=""),"[Missing Bid Amount] ","")&IF(AND(Q52="Awarded",R52=""),"[Awarded-No Award Amount] ","")&IF(AND(Q52="Lost",U52=""),"[Lost-No Lost Reason] ","")&IF(AND(OR(Q52="Bid Submitted",Q52="Budget Submitted"),X52=""),"[Pending-No Follow-Up Date] ","")&IF(AND(OR(Q52="Bid Submitted",Q52="Budget Submitted"),Y52=""),"[Pending-No Follow-Up Owner] ","")&IF(AND(L52<>"",L52<TODAY(),OR(Q52="In Progress",Q52="")),"[Bid Due Date Passed] ",""))="","OK",TRIM(IF(B52="","[Missing Project Name] ","")&IF(C52="","[Missing GC] ","")&IF(I52="","[Missing Plumb Estimator] ","")&IF(AND(Q52<>"In Progress",Q52<>"No Bid",Q52<>"On Hold",P52=""),"[Missing Bid Amount] ","")&IF(AND(Q52="Awarded",R52=""),"[Awarded-No Award Amount] ","")&IF(AND(Q52="Lost",U52=""),"[Lost-No Lost Reason] ","")&IF(AND(OR(Q52="Bid Submitted",Q52="Budget Submitted"),X52=""),"[Pending-No Follow-Up Date] ","")&IF(AND(OR(Q52="Bid Submitted",Q52="Budget Submitted"),Y52=""),"[Pending-No Follow-Up Owner] ","")&IF(AND(L52<>"",L52<TODAY(),OR(Q52="In Progress",Q52="")),"[Bid Due Date Passed] ",""))) -> [Missing GC] [Pending-No Follow-Up Date] [Pending-No Follow-Up Owner]
A53: ASM-2026-052 | B53: Malakyte Apartments (Adams Ave) | E53: Multi-Family | F53: Plumbing Only | G53: Hard Bid | H53: Hard Bid | I53: Cristhian | K53: 45800.25 | N53: 1786648 | P53: =IFERROR(IF(AND(N53="",O53=""),"",IFERROR(N53,0)+IFERROR(O53,0)),"") -> 1786648 | Q53: Awarded | R53: 1786648 | W53: 1 | Z53: 46062.292 | AA53: Awarded Feb 2026 | AB53: =IFERROR(VLOOKUP(A53,'Go-No-Go'!$A:$M,12,0),"") | AC53: =IFERROR(VLOOKUP(A53,'Go-No-Go'!$A:$N,14,0),"") | AD53: =IF(OR(Q53="Bid Submitted",Q53="Budget Submitted",Q53="ROM Submitted",Q53="In Progress"),IF(M53<>"",TODAY()-M53,IF(K53<>"",TODAY()-K53,"")),"") | AE53: =IF(AND(OR(Q53="Bid Submitted",Q53="Budget Submitted",Q53="ROM Submitted"),X53<>"",X53<TODAY()),"OVERDUE",IF(AND(OR(Q53="Bid Submitted",Q53="Budget Submitted",Q53="ROM Submitted"),X53<>"",X53<=TODAY()+3),"DUE SOON",IF(AND(OR(Q53="Bid Submitted",Q53="Budget Submitted",Q53="ROM Submitted"),X53=""),"MISSING","OK"))) -> OK | AF53: =IF(TRIM(IF(B53="","[Missing Project Name] ","")&IF(C53="","[Missing GC] ","")&IF(I53="","[Missing Plumb Estimator] ","")&IF(AND(Q53<>"In Progress",Q53<>"No Bid",Q53<>"On Hold",P53=""),"[Missing Bid Amount] ","")&IF(AND(Q53="Awarded",R53=""),"[Awarded-No Award Amount] ","")&IF(AND(Q53="Lost",U53=""),"[Lost-No Lost Reason] ","")&IF(AND(OR(Q53="Bid Submitted",Q53="Budget Submitted"),X53=""),"[Pending-No Follow-Up Date] ","")&IF(AND(OR(Q53="Bid Submitted",Q53="Budget Submitted"),Y53=""),"[Pending-No Follow-Up Owner] ","")&IF(AND(L53<>"",L53<TODAY(),OR(Q53="In Progress",Q53="")),"[Bid Due Date Passed] ",""))="","OK",TRIM(IF(B53="","[Missing Project Name] ","")&IF(C53="","[Missing GC] ","")&IF(I53="","[Missing Plumb Estimator] ","")&IF(AND(Q53<>"In Progress",Q53<>"No Bid",Q53<>"On Hold",P53=""),"[Missing Bid Amount] ","")&IF(AND(Q53="Awarded",R53=""),"[Awarded-No Award Amount] ","")&IF(AND(Q53="Lost",U53=""),"[Lost-No Lost Reason] ","")&IF(AND(OR(Q53="Bid Submitted",Q53="Budget Submitted"),X53=""),"[Pending-No Follow-Up Date] ","")&IF(AND(OR(Q53="Bid Submitted",Q53="Budget Submitted"),Y53=""),"[Pending-No Follow-Up Owner] ","")&IF(AND(L53<>"",L53<TODAY(),OR(Q53="In Progress",Q53="")),"[Bid Due Date Passed] ",""))) -> [Missing GC]
A54: ASM-2026-053 | B54: Ascend at Riverview | E54: Multi-Family | F54: Plumbing Only | G54: Hard Bid | H54: Hard Bid | I54: Cristhian | K54: 46062.292 | N54: 3632233 | P54: =IFERROR(IF(AND(N54="",O54=""),"",IFERROR(N54,0)+IFERROR(O54,0)),"") -> 3632233 | Q54: Bid Submitted | W54: 0.5 | AB54: =IFERROR(VLOOKUP(A54,'Go-No-Go'!$A:$M,12,0),"") | AC54: =IFERROR(VLOOKUP(A54,'Go-No-Go'!$A:$N,14,0),"") | AD54: =IF(OR(Q54="Bid Submitted",Q54="Budget Submitted",Q54="ROM Submitted",Q54="In Progress"),IF(M54<>"",TODAY()-M54,IF(K54<>"",TODAY()-K54,"")),"") -> 92.708333 | AE54: =IF(AND(OR(Q54="Bid Submitted",Q54="Budget Submitted",Q54="ROM Submitted"),X54<>"",X54<TODAY()),"OVERDUE",IF(AND(OR(Q54="Bid Submitted",Q54="Budget Submitted",Q54="ROM Submitted"),X54<>"",X54<=TODAY()+3),"DUE SOON",IF(AND(OR(Q54="Bid Submitted",Q54="Budget Submitted",Q54="ROM Submitted"),X54=""),"MISSING","OK"))) -> MISSING | AF54: =IF(TRIM(IF(B54="","[Missing Project Name] ","")&IF(C54="","[Missing GC] ","")&IF(I54="","[Missing Plumb Estimator] ","")&IF(AND(Q54<>"In Progress",Q54<>"No Bid",Q54<>"On Hold",P54=""),"[Missing Bid Amount] ","")&IF(AND(Q54="Awarded",R54=""),"[Awarded-No Award Amount] ","")&IF(AND(Q54="Lost",U54=""),"[Lost-No Lost Reason] ","")&IF(AND(OR(Q54="Bid Submitted",Q54="Budget Submitted"),X54=""),"[Pending-No Follow-Up Date] ","")&IF(AND(OR(Q54="Bid Submitted",Q54="Budget Submitted"),Y54=""),"[Pending-No Follow-Up Owner] ","")&IF(AND(L54<>"",L54<TODAY(),OR(Q54="In Progress",Q54="")),"[Bid Due Date Passed] ",""))="","OK",TRIM(IF(B54="","[Missing Project Name] ","")&IF(C54="","[Missing GC] ","")&IF(I54="","[Missing Plumb Estimator] ","")&IF(AND(Q54<>"In Progress",Q54<>"No Bid",Q54<>"On Hold",P54=""),"[Missing Bid Amount] ","")&IF(AND(Q54="Awarded",R54=""),"[Awarded-No Award Amount] ","")&IF(AND(Q54="Lost",U54=""),"[Lost-No Lost Reason] ","")&IF(AND(OR(Q54="Bid Submitted",Q54="Budget Submitted"),X54=""),"[Pending-No Follow-Up Date] ","")&IF(AND(OR(Q54="Bid Submitted",Q54="Budget Submitted"),Y54=""),"[Pending-No Follow-Up Owner] ","")&IF(AND(L54<>"",L54<TODAY(),OR(Q54="In Progress",Q54="")),"[Bid Due Date Passed] ",""))) -> [Missing GC] [Pending-No Follow-Up Date] [Pending-No Follow-Up Owner]
A55: ASM-2026-054 | B55: Merced Creek Apartments | C55: Wasatch | E55: Multi-Family | F55: Full Mechanical | G55: Hard Bid | H55: Hard Bid | I55: Cristhian | J55: Stephen | K55: 46077.292 | N55: 4381716 | O55: 5974387 | P55: =IFERROR(IF(AND(N55="",O55=""),"",IFERROR(N55,0)+IFERROR(O55,0)),"") -> 10356103 | Q55: Bid Submitted | W55: 0.5 | AA55: GC: Wasatch | AB55: =IFERROR(VLOOKUP(A55,'Go-No-Go'!$A:$M,12,0),"") | AC55: =IFERROR(VLOOKUP(A55,'Go-No-Go'!$A:$N,14,0),"") | AD55: =IF(OR(Q55="Bid Submitted",Q55="Budget Submitted",Q55="ROM Submitted",Q55="In Progress"),IF(M55<>"",TODAY()-M55,IF(K55<>"",TODAY()-K55,"")),"") -> 77.708333 | AE55: =IF(AND(OR(Q55="Bid Submitted",Q55="Budget Submitted",Q55="ROM Submitted"),X55<>"",X55<TODAY()),"OVERDUE",IF(AND(OR(Q55="Bid Submitted",Q55="Budget Submitted",Q55="ROM Submitted"),X55<>"",X55<=TODAY()+3),"DUE SOON",IF(AND(OR(Q55="Bid Submitted",Q55="Budget Submitted",Q55="ROM Submitted"),X55=""),"MISSING","OK"))) -> MISSING | AF55: =IF(TRIM(IF(B55="","[Missing Project Name] ","")&IF(C55="","[Missing GC] ","")&IF(I55="","[Missing Plumb Estimator] ","")&IF(AND(Q55<>"In Progress",Q55<>"No Bid",Q55<>"On Hold",P55=""),"[Missing Bid Amount] ","")&IF(AND(Q55="Awarded",R55=""),"[Awarded-No Award Amount] ","")&IF(AND(Q55="Lost",U55=""),"[Lost-No Lost Reason] ","")&IF(AND(OR(Q55="Bid Submitted",Q55="Budget Submitted"),X55=""),"[Pending-No Follow-Up Date] ","")&IF(AND(OR(Q55="Bid Submitted",Q55="Budget Submitted"),Y55=""),"[Pending-No Follow-Up Owner] ","")&IF(AND(L55<>"",L55<TODAY(),OR(Q55="In Progress",Q55="")),"[Bid Due Date Passed] ",""))="","OK",TRIM(IF(B55="","[Missing Project Name] ","")&IF(C55="","[Missing GC] ","")&IF(I55="","[Missing Plumb Estimator] ","")&IF(AND(Q55<>"In Progress",Q55<>"No Bid",Q55<>"On Hold",P55=""),"[Missing Bid Amount] ","")&IF(AND(Q55="Awarded",R55=""),"[Awarded-No Award Amount] ","")&IF(AND(Q55="Lost",U55=""),"[Lost-No Lost Reason] ","")&IF(AND(OR(Q55="Bid Submitted",Q55="Budget Submitted"),X55=""),"[Pending-No Follow-Up Date] ","")&IF(AND(OR(Q55="Bid Submitted",Q55="Budget Submitted"),Y55=""),"[Pending-No Follow-Up Owner] ","")&IF(AND(L55<>"",L55<TODAY(),OR(Q55="In Progress",Q55="")),"[Bid Due Date Passed] ",""))) -> [Pending-No Follow-Up Date] [Pending-No Follow-Up Owner]
A56: ASM-2026-055 | B56: Euclid Apartments | C56: Stout | E56: Multi-Family | F56: Plumbing Only | G56: Hard Bid | H56: Hard Bid | I56: Cristhian | K56: 46085.292 | N56: 499239 | P56: =IFERROR(IF(AND(N56="",O56=""),"",IFERROR(N56,0)+IFERROR(O56,0)),"") -> 499239 | Q56: Bid Submitted | W56: 0.5 | AA56: GC: Stout | AB56: =IFERROR(VLOOKUP(A56,'Go-No-Go'!$A:$M,12,0),"") | AC56: =IFERROR(VLOOKUP(A56,'Go-No-Go'!$A:$N,14,0),"") | AD56: =IF(OR(Q56="Bid Submitted",Q56="Budget Submitted",Q56="ROM Submitted",Q56="In Progress"),IF(M56<>"",TODAY()-M56,IF(K56<>"",TODAY()-K56,"")),"") -> 69.708333 | AE56: =IF(AND(OR(Q56="Bid Submitted",Q56="Budget Submitted",Q56="ROM Submitted"),X56<>"",X56<TODAY()),"OVERDUE",IF(AND(OR(Q56="Bid Submitted",Q56="Budget Submitted",Q56="ROM Submitted"),X56<>"",X56<=TODAY()+3),"DUE SOON",IF(AND(OR(Q56="Bid Submitted",Q56="Budget Submitted",Q56="ROM Submitted"),X56=""),"MISSING","OK"))) -> MISSING | AF56: =IF(TRIM(IF(B56="","[Missing Project Name] ","")&IF(C56="","[Missing GC] ","")&IF(I56="","[Missing Plumb Estimator] ","")&IF(AND(Q56<>"In Progress",Q56<>"No Bid",Q56<>"On Hold",P56=""),"[Missing Bid Amount] ","")&IF(AND(Q56="Awarded",R56=""),"[Awarded-No Award Amount] ","")&IF(AND(Q56="Lost",U56=""),"[Lost-No Lost Reason] ","")&IF(AND(OR(Q56="Bid Submitted",Q56="Budget Submitted"),X56=""),"[Pending-No Follow-Up Date] ","")&IF(AND(OR(Q56="Bid Submitted",Q56="Budget Submitted"),Y56=""),"[Pending-No Follow-Up Owner] ","")&IF(AND(L56<>"",L56<TODAY(),OR(Q56="In Progress",Q56="")),"[Bid Due Date Passed] ",""))="","OK",TRIM(IF(B56="","[Missing Project Name] ","")&IF(C56="","[Missing GC] ","")&IF(I56="","[Missing Plumb Estimator] ","")&IF(AND(Q56<>"In Progress",Q56<>"No Bid",Q56<>"On Hold",P56=""),"[Missing Bid Amount] ","")&IF(AND(Q56="Awarded",R56=""),"[Awarded-No Award Amount] ","")&IF(AND(Q56="Lost",U56=""),"[Lost-No Lost Reason] ","")&IF(AND(OR(Q56="Bid Submitted",Q56="Budget Submitted"),X56=""),"[Pending-No Follow-Up Date] ","")&IF(AND(OR(Q56="Bid Submitted",Q56="Budget Submitted"),Y56=""),"[Pending-No Follow-Up Owner] ","")&IF(AND(L56<>"",L56<TODAY(),OR(Q56="In Progress",Q56="")),"[Bid Due Date Passed] ",""))) -> [Pending-No Follow-Up Date] [Pending-No Follow-Up Owner]
A57: ASM-2026-056 | B57: aQui 2194 | C57: MINT | E57: Multi-Family | F57: Full Mechanical | G57: Hard Bid | H57: Hard Bid | I57: Cristhian | J57: Stephen | K57: 46098.25 | N57: 748908 | O57: 597262 | P57: =IFERROR(IF(AND(N57="",O57=""),"",IFERROR(N57,0)+IFERROR(O57,0)),"") -> 1346170 | Q57: Bid Submitted | W57: 0.5 | AA57: GC: MINT | AB57: =IFERROR(VLOOKUP(A57,'Go-No-Go'!$A:$M,12,0),"") | AC57: =IFERROR(VLOOKUP(A57,'Go-No-Go'!$A:$N,14,0),"") | AD57: =IF(OR(Q57="Bid Submitted",Q57="Budget Submitted",Q57="ROM Submitted",Q57="In Progress"),IF(M57<>"",TODAY()-M57,IF(K57<>"",TODAY()-K57,"")),"") -> 56.75 | AE57: =IF(AND(OR(Q57="Bid Submitted",Q57="Budget Submitted",Q57="ROM Submitted"),X57<>"",X57<TODAY()),"OVERDUE",IF(AND(OR(Q57="Bid Submitted",Q57="Budget Submitted",Q57="ROM Submitted"),X57<>"",X57<=TODAY()+3),"DUE SOON",IF(AND(OR(Q57="Bid Submitted",Q57="Budget Submitted",Q57="ROM Submitted"),X57=""),"MISSING","OK"))) -> MISSING | AF57: =IF(TRIM(IF(B57="","[Missing Project Name] ","")&IF(C57="","[Missing GC] ","")&IF(I57="","[Missing Plumb Estimator] ","")&IF(AND(Q57<>"In Progress",Q57<>"No Bid",Q57<>"On Hold",P57=""),"[Missing Bid Amount] ","")&IF(AND(Q57="Awarded",R57=""),"[Awarded-No Award Amount] ","")&IF(AND(Q57="Lost",U57=""),"[Lost-No Lost Reason] ","")&IF(AND(OR(Q57="Bid Submitted",Q57="Budget Submitted"),X57=""),"[Pending-No Follow-Up Date] ","")&IF(AND(OR(Q57="Bid Submitted",Q57="Budget Submitted"),Y57=""),"[Pending-No Follow-Up Owner] ","")&IF(AND(L57<>"",L57<TODAY(),OR(Q57="In Progress",Q57="")),"[Bid Due Date Passed] ",""))="","OK",TRIM(IF(B57="","[Missing Project Name] ","")&IF(C57="","[Missing GC] ","")&IF(I57="","[Missing Plumb Estimator] ","")&IF(AND(Q57<>"In Progress",Q57<>"No Bid",Q57<>"On Hold",P57=""),"[Missing Bid Amount] ","")&IF(AND(Q57="Awarded",R57=""),"[Awarded-No Award Amount] ","")&IF(AND(Q57="Lost",U57=""),"[Lost-No Lost Reason] ","")&IF(AND(OR(Q57="Bid Submitted",Q57="Budget Submitted"),X57=""),"[Pending-No Follow-Up Date] ","")&IF(AND(OR(Q57="Bid Submitted",Q57="Budget Submitted"),Y57=""),"[Pending-No Follow-Up Owner] ","")&IF(AND(L57<>"",L57<TODAY(),OR(Q57="In Progress",Q57="")),"[Bid Due Date Passed] ",""))) -> [Pending-No Follow-Up Date] [Pending-No Follow-Up Owner]
A58: ASM-2026-057 | B58: Emeril Apartments | C58: Headwaters | E58: Multi-Family | F58: Full Mechanical | G58: Hard Bid | H58: Hard Bid | I58: Cristhian | J58: Stephen | K58: 46105.25 | N58: 3397199 | O58: 2142548 | P58: =IFERROR(IF(AND(N58="",O58=""),"",IFERROR(N58,0)+IFERROR(O58,0)),"") -> 5539747 | Q58: Bid Submitted | W58: 0.5 | AA58: GC: Headwaters | AB58: =IFERROR(VLOOKUP(A58,'Go-No-Go'!$A:$M,12,0),"") | AC58: =IFERROR(VLOOKUP(A58,'Go-No-Go'!$A:$N,14,0),"") | AD58: =IF(OR(Q58="Bid Submitted",Q58="Budget Submitted",Q58="ROM Submitted",Q58="In Progress"),IF(M58<>"",TODAY()-M58,IF(K58<>"",TODAY()-K58,"")),"") -> 49.75 | AE58: =IF(AND(OR(Q58="Bid Submitted",Q58="Budget Submitted",Q58="ROM Submitted"),X58<>"",X58<TODAY()),"OVERDUE",IF(AND(OR(Q58="Bid Submitted",Q58="Budget Submitted",Q58="ROM Submitted"),X58<>"",X58<=TODAY()+3),"DUE SOON",IF(AND(OR(Q58="Bid Submitted",Q58="Budget Submitted",Q58="ROM Submitted"),X58=""),"MISSING","OK"))) -> MISSING | AF58: =IF(TRIM(IF(B58="","[Missing Project Name] ","")&IF(C58="","[Missing GC] ","")&IF(I58="","[Missing Plumb Estimator] ","")&IF(AND(Q58<>"In Progress",Q58<>"No Bid",Q58<>"On Hold",P58=""),"[Missing Bid Amount] ","")&IF(AND(Q58="Awarded",R58=""),"[Awarded-No Award Amount] ","")&IF(AND(Q58="Lost",U58=""),"[Lost-No Lost Reason] ","")&IF(AND(OR(Q58="Bid Submitted",Q58="Budget Submitted"),X58=""),"[Pending-No Follow-Up Date] ","")&IF(AND(OR(Q58="Bid Submitted",Q58="Budget Submitted"),Y58=""),"[Pending-No Follow-Up Owner] ","")&IF(AND(L58<>"",L58<TODAY(),OR(Q58="In Progress",Q58="")),"[Bid Due Date Passed] ",""))="","OK",TRIM(IF(B58="","[Missing Project Name] ","")&IF(C58="","[Missing GC] ","")&IF(I58="","[Missing Plumb Estimator] ","")&IF(AND(Q58<>"In Progress",Q58<>"No Bid",Q58<>"On Hold",P58=""),"[Missing Bid Amount] ","")&IF(AND(Q58="Awarded",R58=""),"[Awarded-No Award Amount] ","")&IF(AND(Q58="Lost",U58=""),"[Lost-No Lost Reason] ","")&IF(AND(OR(Q58="Bid Submitted",Q58="Budget Submitted"),X58=""),"[Pending-No Follow-Up Date] ","")&IF(AND(OR(Q58="Bid Submitted",Q58="Budget Submitted"),Y58=""),"[Pending-No Follow-Up Owner] ","")&IF(AND(L58<>"",L58<TODAY(),OR(Q58="In Progress",Q58="")),"[Bid Due Date Passed] ",""))) -> [Pending-No Follow-Up Date] [Pending-No Follow-Up Owner]
A59: ASM-2026-058 | B59: Northwest Pipeline | C59: Bonneville | E59: Multi-Family | F59: Full Mechanical | G59: Hard Bid | H59: Hard Bid | I59: Cristhian | J59: Stephen | K59: 46106.25 | N59: 2578560 | O59: 4387570 | P59: =IFERROR(IF(AND(N59="",O59=""),"",IFERROR(N59,0)+IFERROR(O59,0)),"") -> 6966130 | Q59: Bid Submitted | W59: 0.5 | AA59: GC: Bonneville | AB59: =IFERROR(VLOOKUP(A59,'Go-No-Go'!$A:$M,12,0),"") | AC59: =IFERROR(VLOOKUP(A59,'Go-No-Go'!$A:$N,14,0),"") | AD59: =IF(OR(Q59="Bid Submitted",Q59="Budget Submitted",Q59="ROM Submitted",Q59="In Progress"),IF(M59<>"",TODAY()-M59,IF(K59<>"",TODAY()-K59,"")),"") -> 48.75 | AE59: =IF(AND(OR(Q59="Bid Submitted",Q59="Budget Submitted",Q59="ROM Submitted"),X59<>"",X59<TODAY()),"OVERDUE",IF(AND(OR(Q59="Bid Submitted",Q59="Budget Submitted",Q59="ROM Submitted"),X59<>"",X59<=TODAY()+3),"DUE SOON",IF(AND(OR(Q59="Bid Submitted",Q59="Budget Submitted",Q59="ROM Submitted"),X59=""),"MISSING","OK"))) -> MISSING | AF59: =IF(TRIM(IF(B59="","[Missing Project Name] ","")&IF(C59="","[Missing GC] ","")&IF(I59="","[Missing Plumb Estimator] ","")&IF(AND(Q59<>"In Progress",Q59<>"No Bid",Q59<>"On Hold",P59=""),"[Missing Bid Amount] ","")&IF(AND(Q59="Awarded",R59=""),"[Awarded-No Award Amount] ","")&IF(AND(Q59="Lost",U59=""),"[Lost-No Lost Reason] ","")&IF(AND(OR(Q59="Bid Submitted",Q59="Budget Submitted"),X59=""),"[Pending-No Follow-Up Date] ","")&IF(AND(OR(Q59="Bid Submitted",Q59="Budget Submitted"),Y59=""),"[Pending-No Follow-Up Owner] ","")&IF(AND(L59<>"",L59<TODAY(),OR(Q59="In Progress",Q59="")),"[Bid Due Date Passed] ",""))="","OK",TRIM(IF(B59="","[Missing Project Name] ","")&IF(C59="","[Missing GC] ","")&IF(I59="","[Missing Plumb Estimator] ","")&IF(AND(Q59<>"In Progress",Q59<>"No Bid",Q59<>"On Hold",P59=""),"[Missing Bid Amount] ","")&IF(AND(Q59="Awarded",R59=""),"[Awarded-No Award Amount] ","")&IF(AND(Q59="Lost",U59=""),"[Lost-No Lost Reason] ","")&IF(AND(OR(Q59="Bid Submitted",Q59="Budget Submitted"),X59=""),"[Pending-No Follow-Up Date] ","")&IF(AND(OR(Q59="Bid Submitted",Q59="Budget Submitted"),Y59=""),"[Pending-No Follow-Up Owner] ","")&IF(AND(L59<>"",L59<TODAY(),OR(Q59="In Progress",Q59="")),"[Bid Due Date Passed] ",""))) -> [Pending-No Follow-Up Date] [Pending-No Follow-Up Owner]
A60: ASM-2026-059 | B60: Murray Block One | C60: Rimrock | D60: Murray, UT | E60: Multi-Family | F60: Full Mechanical | G60: Hard Bid | H60: Hard Bid | I60: Cristhian | J60: Stephen | K60: 46112.25 | N60: 3020768 | O60: 2618756 | P60: =IFERROR(IF(AND(N60="",O60=""),"",IFERROR(N60,0)+IFERROR(O60,0)),"") -> 5639524 | Q60: Bid Submitted | W60: 0.5 | Z60: 46147.25 | AA60: GCs: Rimrock / RVC — result TBD | AB60: =IFERROR(VLOOKUP(A60,'Go-No-Go'!$A:$M,12,0),"") | AC60: =IFERROR(VLOOKUP(A60,'Go-No-Go'!$A:$N,14,0),"") | AD60: =IF(OR(Q60="Bid Submitted",Q60="Budget Submitted",Q60="ROM Submitted",Q60="In Progress"),IF(M60<>"",TODAY()-M60,IF(K60<>"",TODAY()-K60,"")),"") -> 42.75 | AE60: =IF(AND(OR(Q60="Bid Submitted",Q60="Budget Submitted",Q60="ROM Submitted"),X60<>"",X60<TODAY()),"OVERDUE",IF(AND(OR(Q60="Bid Submitted",Q60="Budget Submitted",Q60="ROM Submitted"),X60<>"",X60<=TODAY()+3),"DUE SOON",IF(AND(OR(Q60="Bid Submitted",Q60="Budget Submitted",Q60="ROM Submitted"),X60=""),"MISSING","OK"))) -> MISSING | AF60: =IF(TRIM(IF(B60="","[Missing Project Name] ","")&IF(C60="","[Missing GC] ","")&IF(I60="","[Missing Plumb Estimator] ","")&IF(AND(Q60<>"In Progress",Q60<>"No Bid",Q60<>"On Hold",P60=""),"[Missing Bid Amount] ","")&IF(AND(Q60="Awarded",R60=""),"[Awarded-No Award Amount] ","")&IF(AND(Q60="Lost",U60=""),"[Lost-No Lost Reason] ","")&IF(AND(OR(Q60="Bid Submitted",Q60="Budget Submitted"),X60=""),"[Pending-No Follow-Up Date] ","")&IF(AND(OR(Q60="Bid Submitted",Q60="Budget Submitted"),Y60=""),"[Pending-No Follow-Up Owner] ","")&IF(AND(L60<>"",L60<TODAY(),OR(Q60="In Progress",Q60="")),"[Bid Due Date Passed] ",""))="","OK",TRIM(IF(B60="","[Missing Project Name] ","")&IF(C60="","[Missing GC] ","")&IF(I60="","[Missing Plumb Estimator] ","")&IF(AND(Q60<>"In Progress",Q60<>"No Bid",Q60<>"On Hold",P60=""),"[Missing Bid Amount] ","")&IF(AND(Q60="Awarded",R60=""),"[Awarded-No Award Amount] ","")&IF(AND(Q60="Lost",U60=""),"[Lost-No Lost Reason] ","")&IF(AND(OR(Q60="Bid Submitted",Q60="Budget Submitted"),X60=""),"[Pending-No Follow-Up Date] ","")&IF(AND(OR(Q60="Bid Submitted",Q60="Budget Submitted"),Y60=""),"[Pending-No Follow-Up Owner] ","")&IF(AND(L60<>"",L60<TODAY(),OR(Q60="In Progress",Q60="")),"[Bid Due Date Passed] ",""))) -> [Pending-No Follow-Up Date] [Pending-No Follow-Up Owner]
A61: ASM-2026-060 | B61: The Grove (Lupine Building) | C61: Bonneville | E61: Multi-Family | F61: Full Mechanical | G61: Hard Bid | H61: Hard Bid | I61: Cristhian | J61: Stephen | K61: 46120.25 | N61: 2912975 | O61: 3264667 | P61: =IFERROR(IF(AND(N61="",O61=""),"",IFERROR(N61,0)+IFERROR(O61,0)),"") -> 6177642 | Q61: Bid Submitted | W61: 0.5 | AA61: GCs: Bonneville / Big-D / Shaw | AB61: =IFERROR(VLOOKUP(A61,'Go-No-Go'!$A:$M,12,0),"") | AC61: =IFERROR(VLOOKUP(A61,'Go-No-Go'!$A:$N,14,0),"") | AD61: =IF(OR(Q61="Bid Submitted",Q61="Budget Submitted",Q61="ROM Submitted",Q61="In Progress"),IF(M61<>"",TODAY()-M61,IF(K61<>"",TODAY()-K61,"")),"") -> 34.75 | AE61: =IF(AND(OR(Q61="Bid Submitted",Q61="Budget Submitted",Q61="ROM Submitted"),X61<>"",X61<TODAY()),"OVERDUE",IF(AND(OR(Q61="Bid Submitted",Q61="Budget Submitted",Q61="ROM Submitted"),X61<>"",X61<=TODAY()+3),"DUE SOON",IF(AND(OR(Q61="Bid Submitted",Q61="Budget Submitted",Q61="ROM Submitted"),X61=""),"MISSING","OK"))) -> MISSING | AF61: =IF(TRIM(IF(B61="","[Missing Project Name] ","")&IF(C61="","[Missing GC] ","")&IF(I61="","[Missing Plumb Estimator] ","")&IF(AND(Q61<>"In Progress",Q61<>"No Bid",Q61<>"On Hold",P61=""),"[Missing Bid Amount] ","")&IF(AND(Q61="Awarded",R61=""),"[Awarded-No Award Amount] ","")&IF(AND(Q61="Lost",U61=""),"[Lost-No Lost Reason] ","")&IF(AND(OR(Q61="Bid Submitted",Q61="Budget Submitted"),X61=""),"[Pending-No Follow-Up Date] ","")&IF(AND(OR(Q61="Bid Submitted",Q61="Budget Submitted"),Y61=""),"[Pending-No Follow-Up Owner] ","")&IF(AND(L61<>"",L61<TODAY(),OR(Q61="In Progress",Q61="")),"[Bid Due Date Passed] ",""))="","OK",TRIM(IF(B61="","[Missing Project Name] ","")&IF(C61="","[Missing GC] ","")&IF(I61="","[Missing Plumb Estimator] ","")&IF(AND(Q61<>"In Progress",Q61<>"No Bid",Q61<>"On Hold",P61=""),"[Missing Bid Amount] ","")&IF(AND(Q61="Awarded",R61=""),"[Awarded-No Award Amount] ","")&IF(AND(Q61="Lost",U61=""),"[Lost-No Lost Reason] ","")&IF(AND(OR(Q61="Bid Submitted",Q61="Budget Submitted"),X61=""),"[Pending-No Follow-Up Date] ","")&IF(AND(OR(Q61="Bid Submitted",Q61="Budget Submitted"),Y61=""),"[Pending-No Follow-Up Owner] ","")&IF(AND(L61<>"",L61<TODAY(),OR(Q61="In Progress",Q61="")),"[Bid Due Date Passed] ",""))) -> [Pending-No Follow-Up Date] [Pending-No Follow-Up Owner]
A62: ASM-2026-061 | B62: Utopia Apartments | C62: MINT | E62: Multi-Family | F62: Full Mechanical | G62: Hard Bid | H62: Hard Bid | I62: Cristhian | J62: Stephen | K62: 46132.25 | N62: 5376708 | O62: 3442844 | P62: =IFERROR(IF(AND(N62="",O62=""),"",IFERROR(N62,0)+IFERROR(O62,0)),"") -> 8819552 | Q62: Bid Submitted | W62: 0.5 | AA62: GC: MINT | AB62: =IFERROR(VLOOKUP(A62,'Go-No-Go'!$A:$M,12,0),"") | AC62: =IFERROR(VLOOKUP(A62,'Go-No-Go'!$A:$N,14,0),"") | AD62: =IF(OR(Q62="Bid Submitted",Q62="Budget Submitted",Q62="ROM Submitted",Q62="In Progress"),IF(M62<>"",TODAY()-M62,IF(K62<>"",TODAY()-K62,"")),"") -> 22.75 | AE62: =IF(AND(OR(Q62="Bid Submitted",Q62="Budget Submitted",Q62="ROM Submitted"),X62<>"",X62<TODAY()),"OVERDUE",IF(AND(OR(Q62="Bid Submitted",Q62="Budget Submitted",Q62="ROM Submitted"),X62<>"",X62<=TODAY()+3),"DUE SOON",IF(AND(OR(Q62="Bid Submitted",Q62="Budget Submitted",Q62="ROM Submitted"),X62=""),"MISSING","OK"))) -> MISSING | AF62: =IF(TRIM(IF(B62="","[Missing Project Name] ","")&IF(C62="","[Missing GC] ","")&IF(I62="","[Missing Plumb Estimator] ","")&IF(AND(Q62<>"In Progress",Q62<>"No Bid",Q62<>"On Hold",P62=""),"[Missing Bid Amount] ","")&IF(AND(Q62="Awarded",R62=""),"[Awarded-No Award Amount] ","")&IF(AND(Q62="Lost",U62=""),"[Lost-No Lost Reason] ","")&IF(AND(OR(Q62="Bid Submitted",Q62="Budget Submitted"),X62=""),"[Pending-No Follow-Up Date] ","")&IF(AND(OR(Q62="Bid Submitted",Q62="Budget Submitted"),Y62=""),"[Pending-No Follow-Up Owner] ","")&IF(AND(L62<>"",L62<TODAY(),OR(Q62="In Progress",Q62="")),"[Bid Due Date Passed] ",""))="","OK",TRIM(IF(B62="","[Missing Project Name] ","")&IF(C62="","[Missing GC] ","")&IF(I62="","[Missing Plumb Estimator] ","")&IF(AND(Q62<>"In Progress",Q62<>"No Bid",Q62<>"On Hold",P62=""),"[Missing Bid Amount] ","")&IF(AND(Q62="Awarded",R62=""),"[Awarded-No Award Amount] ","")&IF(AND(Q62="Lost",U62=""),"[Lost-No Lost Reason] ","")&IF(AND(OR(Q62="Bid Submitted",Q62="Budget Submitted"),X62=""),"[Pending-No Follow-Up Date] ","")&IF(AND(OR(Q62="Bid Submitted",Q62="Budget Submitted"),Y62=""),"[Pending-No Follow-Up Owner] ","")&IF(AND(L62<>"",L62<TODAY(),OR(Q62="In Progress",Q62="")),"[Bid Due Date Passed] ",""))) -> [Pending-No Follow-Up Date] [Pending-No Follow-Up Owner]
A63: ASM-2026-062 | B63: 300 West Apartments | C63: JN Beach | D63: Salt Lake City, UT | E63: Multi-Family | F63: Full Mechanical | G63: Budget | H63: Negotiated | I63: Cristhian | J63: Stephen | K63: 46132.25 | N63: 2918916 | O63: 2715700 | P63: =IFERROR(IF(AND(N63="",O63=""),"",IFERROR(N63,0)+IFERROR(O63,0)),"") -> 5634616 | Q63: Bid Submitted | W63: 0.5 | AA63: GC: JN Beach — budget pricing | AB63: =IFERROR(VLOOKUP(A63,'Go-No-Go'!$A:$M,12,0),"") | AC63: =IFERROR(VLOOKUP(A63,'Go-No-Go'!$A:$N,14,0),"") | AD63: =IF(OR(Q63="Bid Submitted",Q63="Budget Submitted",Q63="ROM Submitted",Q63="In Progress"),IF(M63<>"",TODAY()-M63,IF(K63<>"",TODAY()-K63,"")),"") -> 22.75 | AE63: =IF(AND(OR(Q63="Bid Submitted",Q63="Budget Submitted",Q63="ROM Submitted"),X63<>"",X63<TODAY()),"OVERDUE",IF(AND(OR(Q63="Bid Submitted",Q63="Budget Submitted",Q63="ROM Submitted"),X63<>"",X63<=TODAY()+3),"DUE SOON",IF(AND(OR(Q63="Bid Submitted",Q63="Budget Submitted",Q63="ROM Submitted"),X63=""),"MISSING","OK"))) -> MISSING | AF63: =IF(TRIM(IF(B63="","[Missing Project Name] ","")&IF(C63="","[Missing GC] ","")&IF(I63="","[Missing Plumb Estimator] ","")&IF(AND(Q63<>"In Progress",Q63<>"No Bid",Q63<>"On Hold",P63=""),"[Missing Bid Amount] ","")&IF(AND(Q63="Awarded",R63=""),"[Awarded-No Award Amount] ","")&IF(AND(Q63="Lost",U63=""),"[Lost-No Lost Reason] ","")&IF(AND(OR(Q63="Bid Submitted",Q63="Budget Submitted"),X63=""),"[Pending-No Follow-Up Date] ","")&IF(AND(OR(Q63="Bid Submitted",Q63="Budget Submitted"),Y63=""),"[Pending-No Follow-Up Owner] ","")&IF(AND(L63<>"",L63<TODAY(),OR(Q63="In Progress",Q63="")),"[Bid Due Date Passed] ",""))="","OK",TRIM(IF(B63="","[Missing Project Name] ","")&IF(C63="","[Missing GC] ","")&IF(I63="","[Missing Plumb Estimator] ","")&IF(AND(Q63<>"In Progress",Q63<>"No Bid",Q63<>"On Hold",P63=""),"[Missing Bid Amount] ","")&IF(AND(Q63="Awarded",R63=""),"[Awarded-No Award Amount] ","")&IF(AND(Q63="Lost",U63=""),"[Lost-No Lost Reason] ","")&IF(AND(OR(Q63="Bid Submitted",Q63="Budget Submitted"),X63=""),"[Pending-No Follow-Up Date] ","")&IF(AND(OR(Q63="Bid Submitted",Q63="Budget Submitted"),Y63=""),"[Pending-No Follow-Up Owner] ","")&IF(AND(L63<>"",L63<TODAY(),OR(Q63="In Progress",Q63="")),"[Bid Due Date Passed] ",""))) -> [Pending-No Follow-Up Date] [Pending-No Follow-Up Owner]
A64: ASM-2026-063 | B64: Herriman Commons | C64: Kier | D64: Herriman, UT | E64: Multi-Family | F64: Plumbing Only | G64: Hard Bid | H64: Hard Bid | I64: Cristhian | K64: 46139.25 | N64: 3571515 | P64: =IFERROR(IF(AND(N64="",O64=""),"",IFERROR(N64,0)+IFERROR(O64,0)),"") -> 3571515 | Q64: In Progress | W64: 0.25 | AA64: GC: Kier | AB64: =IFERROR(VLOOKUP(A64,'Go-No-Go'!$A:$M,12,0),"") | AC64: =IFERROR(VLOOKUP(A64,'Go-No-Go'!$A:$N,14,0),"") | AD64: =IF(OR(Q64="Bid Submitted",Q64="Budget Submitted",Q64="ROM Submitted",Q64="In Progress"),IF(M64<>"",TODAY()-M64,IF(K64<>"",TODAY()-K64,"")),"") -> 15.75 | AE64: =IF(AND(OR(Q64="Bid Submitted",Q64="Budget Submitted",Q64="ROM Submitted"),X64<>"",X64<TODAY()),"OVERDUE",IF(AND(OR(Q64="Bid Submitted",Q64="Budget Submitted",Q64="ROM Submitted"),X64<>"",X64<=TODAY()+3),"DUE SOON",IF(AND(OR(Q64="Bid Submitted",Q64="Budget Submitted",Q64="ROM Submitted"),X64=""),"MISSING","OK"))) -> OK | AF64: =IF(TRIM(IF(B64="","[Missing Project Name] ","")&IF(C64="","[Missing GC] ","")&IF(I64="","[Missing Plumb Estimator] ","")&IF(AND(Q64<>"In Progress",Q64<>"No Bid",Q64<>"On Hold",P64=""),"[Missing Bid Amount] ","")&IF(AND(Q64="Awarded",R64=""),"[Awarded-No Award Amount] ","")&IF(AND(Q64="Lost",U64=""),"[Lost-No Lost Reason] ","")&IF(AND(OR(Q64="Bid Submitted",Q64="Budget Submitted"),X64=""),"[Pending-No Follow-Up Date] ","")&IF(AND(OR(Q64="Bid Submitted",Q64="Budget Submitted"),Y64=""),"[Pending-No Follow-Up Owner] ","")&IF(AND(L64<>"",L64<TODAY(),OR(Q64="In Progress",Q64="")),"[Bid Due Date Passed] ",""))="","OK",TRIM(IF(B64="","[Missing Project Name] ","")&IF(C64="","[Missing GC] ","")&IF(I64="","[Missing Plumb Estimator] ","")&IF(AND(Q64<>"In Progress",Q64<>"No Bid",Q64<>"On Hold",P64=""),"[Missing Bid Amount] ","")&IF(AND(Q64="Awarded",R64=""),"[Awarded-No Award Amount] ","")&IF(AND(Q64="Lost",U64=""),"[Lost-No Lost Reason] ","")&IF(AND(OR(Q64="Bid Submitted",Q64="Budget Submitted"),X64=""),"[Pending-No Follow-Up Date] ","")&IF(AND(OR(Q64="Bid Submitted",Q64="Budget Submitted"),Y64=""),"[Pending-No Follow-Up Owner] ","")&IF(AND(L64<>"",L64<TODAY(),OR(Q64="In Progress",Q64="")),"[Bid Due Date Passed] ",""))) -> OK
A65: ASM-2026-064 | B65: Lofts North Salt Lake | C65: Headwaters | D65: North Salt Lake, UT | E65: Multi-Family | F65: Full Mechanical | G65: Hard Bid | H65: Hard Bid | I65: Cristhian | J65: Stephen | K65: 45778.25 | N65: 848181 | O65: 706093 | P65: =IFERROR(IF(AND(N65="",O65=""),"",IFERROR(N65,0)+IFERROR(O65,0)),"") -> 1554274 | Q65: In Progress | W65: 0.25 | AA65: GC: Headwaters | AB65: =IFERROR(VLOOKUP(A65,'Go-No-Go'!$A:$M,12,0),"") | AC65: =IFERROR(VLOOKUP(A65,'Go-No-Go'!$A:$N,14,0),"") | AD65: =IF(OR(Q65="Bid Submitted",Q65="Budget Submitted",Q65="ROM Submitted",Q65="In Progress"),IF(M65<>"",TODAY()-M65,IF(K65<>"",TODAY()-K65,"")),"") -> 376.75 | AE65: =IF(AND(OR(Q65="Bid Submitted",Q65="Budget Submitted",Q65="ROM Submitted"),X65<>"",X65<TODAY()),"OVERDUE",IF(AND(OR(Q65="Bid Submitted",Q65="Budget Submitted",Q65="ROM Submitted"),X65<>"",X65<=TODAY()+3),"DUE SOON",IF(AND(OR(Q65="Bid Submitted",Q65="Budget Submitted",Q65="ROM Submitted"),X65=""),"MISSING","OK"))) -> OK | AF65: =IF(TRIM(IF(B65="","[Missing Project Name] ","")&IF(C65="","[Missing GC] ","")&IF(I65="","[Missing Plumb Estimator] ","")&IF(AND(Q65<>"In Progress",Q65<>"No Bid",Q65<>"On Hold",P65=""),"[Missing Bid Amount] ","")&IF(AND(Q65="Awarded",R65=""),"[Awarded-No Award Amount] ","")&IF(AND(Q65="Lost",U65=""),"[Lost-No Lost Reason] ","")&IF(AND(OR(Q65="Bid Submitted",Q65="Budget Submitted"),X65=""),"[Pending-No Follow-Up Date] ","")&IF(AND(OR(Q65="Bid Submitted",Q65="Budget Submitted"),Y65=""),"[Pending-No Follow-Up Owner] ","")&IF(AND(L65<>"",L65<TODAY(),OR(Q65="In Progress",Q65="")),"[Bid Due Date Passed] ",""))="","OK",TRIM(IF(B65="","[Missing Project Name] ","")&IF(C65="","[Missing GC] ","")&IF(I65="","[Missing Plumb Estimator] ","")&IF(AND(Q65<>"In Progress",Q65<>"No Bid",Q65<>"On Hold",P65=""),"[Missing Bid Amount] ","")&IF(AND(Q65="Awarded",R65=""),"[Awarded-No Award Amount] ","")&IF(AND(Q65="Lost",U65=""),"[Lost-No Lost Reason] ","")&IF(AND(OR(Q65="Bid Submitted",Q65="Budget Submitted"),X65=""),"[Pending-No Follow-Up Date] ","")&IF(AND(OR(Q65="Bid Submitted",Q65="Budget Submitted"),Y65=""),"[Pending-No Follow-Up Owner] ","")&IF(AND(L65<>"",L65<TODAY(),OR(Q65="In Progress",Q65="")),"[Bid Due Date Passed] ",""))) -> OK
A66: ASM-2026-065 | B66: Lotus Forge Apartments | C66: Lotus | E66: Multi-Family | F66: Full Mechanical | G66: Hard Bid | H66: Hard Bid | I66: Cristhian | J66: Stephen | K66: 46167.25 | P66: =IFERROR(IF(AND(N66="",O66=""),"",IFERROR(N66,0)+IFERROR(O66,0)),"") | Q66: In Progress | W66: 0.25 | AA66: GC: Lotus Built Group | AB66: =IFERROR(VLOOKUP(A66,'Go-No-Go'!$A:$M,12,0),"") | AC66: =IFERROR(VLOOKUP(A66,'Go-No-Go'!$A:$N,14,0),"") | AD66: =IF(OR(Q66="Bid Submitted",Q66="Budget Submitted",Q66="ROM Submitted",Q66="In Progress"),IF(M66<>"",TODAY()-M66,IF(K66<>"",TODAY()-K66,"")),"") -> -12.25 | AE66: =IF(AND(OR(Q66="Bid Submitted",Q66="Budget Submitted",Q66="ROM Submitted"),X66<>"",X66<TODAY()),"OVERDUE",IF(AND(OR(Q66="Bid Submitted",Q66="Budget Submitted",Q66="ROM Submitted"),X66<>"",X66<=TODAY()+3),"DUE SOON",IF(AND(OR(Q66="Bid Submitted",Q66="Budget Submitted",Q66="ROM Submitted"),X66=""),"MISSING","OK"))) -> OK | AF66: =IF(TRIM(IF(B66="","[Missing Project Name] ","")&IF(C66="","[Missing GC] ","")&IF(I66="","[Missing Plumb Estimator] ","")&IF(AND(Q66<>"In Progress",Q66<>"No Bid",Q66<>"On Hold",P66=""),"[Missing Bid Amount] ","")&IF(AND(Q66="Awarded",R66=""),"[Awarded-No Award Amount] ","")&IF(AND(Q66="Lost",U66=""),"[Lost-No Lost Reason] ","")&IF(AND(OR(Q66="Bid Submitted",Q66="Budget Submitted"),X66=""),"[Pending-No Follow-Up Date] ","")&IF(AND(OR(Q66="Bid Submitted",Q66="Budget Submitted"),Y66=""),"[Pending-No Follow-Up Owner] ","")&IF(AND(L66<>"",L66<TODAY(),OR(Q66="In Progress",Q66="")),"[Bid Due Date Passed] ",""))="","OK",TRIM(IF(B66="","[Missing Project Name] ","")&IF(C66="","[Missing GC] ","")&IF(I66="","[Missing Plumb Estimator] ","")&IF(AND(Q66<>"In Progress",Q66<>"No Bid",Q66<>"On Hold",P66=""),"[Missing Bid Amount] ","")&IF(AND(Q66="Awarded",R66=""),"[Awarded-No Award Amount] ","")&IF(AND(Q66="Lost",U66=""),"[Lost-No Lost Reason] ","")&IF(AND(OR(Q66="Bid Submitted",Q66="Budget Submitted"),X66=""),"[Pending-No Follow-Up Date] ","")&IF(AND(OR(Q66="Bid Submitted",Q66="Budget Submitted"),Y66=""),"[Pending-No Follow-Up Owner] ","")&IF(AND(L66<>"",L66<TODAY(),OR(Q66="In Progress",Q66="")),"[Bid Due Date Passed] ",""))) -> OK
A67: ASM-2026-066 | B67: Provo Dual Brand Hotel | C67: Bonneville | D67: Provo, UT | E67: Hotel / Resort | F67: Full Mechanical | G67: Design-Build | H67: Design-Build | I67: Cristhian | J67: Stephen | K67: 46147.25 | N67: 32000 | O67: 32000 | P67: =IFERROR(IF(AND(N67="",O67=""),"",IFERROR(N67,0)+IFERROR(O67,0)),"") -> 64000 | Q67: Bid Submitted | W67: 0.5 | AA67: GC: Bonneville | AB67: =IFERROR(VLOOKUP(A67,'Go-No-Go'!$A:$M,12,0),"") | AC67: =IFERROR(VLOOKUP(A67,'Go-No-Go'!$A:$N,14,0),"") | AD67: =IF(OR(Q67="Bid Submitted",Q67="Budget Submitted",Q67="ROM Submitted",Q67="In Progress"),IF(M67<>"",TODAY()-M67,IF(K67<>"",TODAY()-K67,"")),"") -> 7.75 | AE67: =IF(AND(OR(Q67="Bid Submitted",Q67="Budget Submitted",Q67="ROM Submitted"),X67<>"",X67<TODAY()),"OVERDUE",IF(AND(OR(Q67="Bid Submitted",Q67="Budget Submitted",Q67="ROM Submitted"),X67<>"",X67<=TODAY()+3),"DUE SOON",IF(AND(OR(Q67="Bid Submitted",Q67="Budget Submitted",Q67="ROM Submitted"),X67=""),"MISSING","OK"))) -> MISSING | AF67: =IF(TRIM(IF(B67="","[Missing Project Name] ","")&IF(C67="","[Missing GC] ","")&IF(I67="","[Missing Plumb Estimator] ","")&IF(AND(Q67<>"In Progress",Q67<>"No Bid",Q67<>"On Hold",P67=""),"[Missing Bid Amount] ","")&IF(AND(Q67="Awarded",R67=""),"[Awarded-No Award Amount] ","")&IF(AND(Q67="Lost",U67=""),"[Lost-No Lost Reason] ","")&IF(AND(OR(Q67="Bid Submitted",Q67="Budget Submitted"),X67=""),"[Pending-No Follow-Up Date] ","")&IF(AND(OR(Q67="Bid Submitted",Q67="Budget Submitted"),Y67=""),"[Pending-No Follow-Up Owner] ","")&IF(AND(L67<>"",L67<TODAY(),OR(Q67="In Progress",Q67="")),"[Bid Due Date Passed] ",""))="","OK",TRIM(IF(B67="","[Missing Project Name] ","")&IF(C67="","[Missing GC] ","")&IF(I67="","[Missing Plumb Estimator] ","")&IF(AND(Q67<>"In Progress",Q67<>"No Bid",Q67<>"On Hold",P67=""),"[Missing Bid Amount] ","")&IF(AND(Q67="Awarded",R67=""),"[Awarded-No Award Amount] ","")&IF(AND(Q67="Lost",U67=""),"[Lost-No Lost Reason] ","")&IF(AND(OR(Q67="Bid Submitted",Q67="Budget Submitted"),X67=""),"[Pending-No Follow-Up Date] ","")&IF(AND(OR(Q67="Bid Submitted",Q67="Budget Submitted"),Y67=""),"[Pending-No Follow-Up Owner] ","")&IF(AND(L67<>"",L67<TODAY(),OR(Q67="In Progress",Q67="")),"[Bid Due Date Passed] ",""))) -> [Pending-No Follow-Up Date] [Pending-No Follow-Up Owner]
A68: ASM-2026-067 | B68: Jefferson Apartments | E68: Multi-Family | F68: Plumbing Only | G68: Hard Bid | H68: Hard Bid | I68: Cristhian | J68: Stephen | K68: 46051.292 | N68: 2484078 | O68: 2442654 | P68: =IFERROR(IF(AND(N68="",O68=""),"",IFERROR(N68,0)+IFERROR(O68,0)),"") -> 4926732 | Q68: Lost | W68: 0 | Z68: 46166.25 | AB68: =IFERROR(VLOOKUP(A68,'Go-No-Go'!$A:$M,12,0),"") | AC68: =IFERROR(VLOOKUP(A68,'Go-No-Go'!$A:$N,14,0),"") | AD68: =IF(OR(Q68="Bid Submitted",Q68="Budget Submitted",Q68="ROM Submitted",Q68="In Progress"),IF(M68<>"",TODAY()-M68,IF(K68<>"",TODAY()-K68,"")),"") | AE68: =IF(AND(OR(Q68="Bid Submitted",Q68="Budget Submitted",Q68="ROM Submitted"),X68<>"",X68<TODAY()),"OVERDUE",IF(AND(OR(Q68="Bid Submitted",Q68="Budget Submitted",Q68="ROM Submitted"),X68<>"",X68<=TODAY()+3),"DUE SOON",IF(AND(OR(Q68="Bid Submitted",Q68="Budget Submitted",Q68="ROM Submitted"),X68=""),"MISSING","OK"))) -> OK | AF68: =IF(TRIM(IF(B68="","[Missing Project Name] ","")&IF(C68="","[Missing GC] ","")&IF(I68="","[Missing Plumb Estimator] ","")&IF(AND(Q68<>"In Progress",Q68<>"No Bid",Q68<>"On Hold",P68=""),"[Missing Bid Amount] ","")&IF(AND(Q68="Awarded",R68=""),"[Awarded-No Award Amount] ","")&IF(AND(Q68="Lost",U68=""),"[Lost-No Lost Reason] ","")&IF(AND(OR(Q68="Bid Submitted",Q68="Budget Submitted"),X68=""),"[Pending-No Follow-Up Date] ","")&IF(AND(OR(Q68="Bid Submitted",Q68="Budget Submitted"),Y68=""),"[Pending-No Follow-Up Owner] ","")&IF(AND(L68<>"",L68<TODAY(),OR(Q68="In Progress",Q68="")),"[Bid Due Date Passed] ",""))="","OK",TRIM(IF(B68="","[Missing Project Name] ","")&IF(C68="","[Missing GC] ","")&IF(I68="","[Missing Plumb Estimator] ","")&IF(AND(Q68<>"In Progress",Q68<>"No Bid",Q68<>"On Hold",P68=""),"[Missing Bid Amount] ","")&IF(AND(Q68="Awarded",R68=""),"[Awarded-No Award Amount] ","")&IF(AND(Q68="Lost",U68=""),"[Lost-No Lost Reason] ","")&IF(AND(OR(Q68="Bid Submitted",Q68="Budget Submitted"),X68=""),"[Pending-No Follow-Up Date] ","")&IF(AND(OR(Q68="Bid Submitted",Q68="Budget Submitted"),Y68=""),"[Pending-No Follow-Up Owner] ","")&IF(AND(L68<>"",L68<TODAY(),OR(Q68="In Progress",Q68="")),"[Bid Due Date Passed] ",""))) -> [Missing GC] [Lost-No Lost Reason]
A69: ASM-2026-068 | B69: Granary Lofts Apartments | E69: Multi-Family | F69: Plumbing Only | G69: Hard Bid | H69: Hard Bid | I69: Cristhian | K69: 46034.292 | N69: 1118554 | P69: =IFERROR(IF(AND(N69="",O69=""),"",IFERROR(N69,0)+IFERROR(O69,0)),"") -> 1118554 | Q69: Lost | W69: 0 | AB69: =IFERROR(VLOOKUP(A69,'Go-No-Go'!$A:$M,12,0),"") | AC69: =IFERROR(VLOOKUP(A69,'Go-No-Go'!$A:$N,14,0),"") | AD69: =IF(OR(Q69="Bid Submitted",Q69="Budget Submitted",Q69="ROM Submitted",Q69="In Progress"),IF(M69<>"",TODAY()-M69,IF(K69<>"",TODAY()-K69,"")),"") | AE69: =IF(AND(OR(Q69="Bid Submitted",Q69="Budget Submitted",Q69="ROM Submitted"),X69<>"",X69<TODAY()),"OVERDUE",IF(AND(OR(Q69="Bid Submitted",Q69="Budget Submitted",Q69="ROM Submitted"),X69<>"",X69<=TODAY()+3),"DUE SOON",IF(AND(OR(Q69="Bid Submitted",Q69="Budget Submitted",Q69="ROM Submitted"),X69=""),"MISSING","OK"))) -> OK | AF69: =IF(TRIM(IF(B69="","[Missing Project Name] ","")&IF(C69="","[Missing GC] ","")&IF(I69="","[Missing Plumb Estimator] ","")&IF(AND(Q69<>"In Progress",Q69<>"No Bid",Q69<>"On Hold",P69=""),"[Missing Bid Amount] ","")&IF(AND(Q69="Awarded",R69=""),"[Awarded-No Award Amount] ","")&IF(AND(Q69="Lost",U69=""),"[Lost-No Lost Reason] ","")&IF(AND(OR(Q69="Bid Submitted",Q69="Budget Submitted"),X69=""),"[Pending-No Follow-Up Date] ","")&IF(AND(OR(Q69="Bid Submitted",Q69="Budget Submitted"),Y69=""),"[Pending-No Follow-Up Owner] ","")&IF(AND(L69<>"",L69<TODAY(),OR(Q69="In Progress",Q69="")),"[Bid Due Date Passed] ",""))="","OK",TRIM(IF(B69="","[Missing Project Name] ","")&IF(C69="","[Missing GC] ","")&IF(I69="","[Missing Plumb Estimator] ","")&IF(AND(Q69<>"In Progress",Q69<>"No Bid",Q69<>"On Hold",P69=""),"[Missing Bid Amount] ","")&IF(AND(Q69="Awarded",R69=""),"[Awarded-No Award Amount] ","")&IF(AND(Q69="Lost",U69=""),"[Lost-No Lost Reason] ","")&IF(AND(OR(Q69="Bid Submitted",Q69="Budget Submitted"),X69=""),"[Pending-No Follow-Up Date] ","")&IF(AND(OR(Q69="Bid Submitted",Q69="Budget Submitted"),Y69=""),"[Pending-No Follow-Up Owner] ","")&IF(AND(L69<>"",L69<TODAY(),OR(Q69="In Progress",Q69="")),"[Bid Due Date Passed] ",""))) -> [Missing GC] [Lost-No Lost Reason]
A70: ASM-2026-069 | B70: Ameyalli Wellbeing | E70: Multi-Family | F70: Plumbing Only | G70: Hard Bid | H70: Hard Bid | I70: Cristhian | K70: 46036.292 | N70: 1714760 | P70: =IFERROR(IF(AND(N70="",O70=""),"",IFERROR(N70,0)+IFERROR(O70,0)),"") -> 1714760 | Q70: Lost | W70: 0 | AB70: =IFERROR(VLOOKUP(A70,'Go-No-Go'!$A:$M,12,0),"") | AC70: =IFERROR(VLOOKUP(A70,'Go-No-Go'!$A:$N,14,0),"") | AD70: =IF(OR(Q70="Bid Submitted",Q70="Budget Submitted",Q70="ROM Submitted",Q70="In Progress"),IF(M70<>"",TODAY()-M70,IF(K70<>"",TODAY()-K70,"")),"") | AE70: =IF(AND(OR(Q70="Bid Submitted",Q70="Budget Submitted",Q70="ROM Submitted"),X70<>"",X70<TODAY()),"OVERDUE",IF(AND(OR(Q70="Bid Submitted",Q70="Budget Submitted",Q70="ROM Submitted"),X70<>"",X70<=TODAY()+3),"DUE SOON",IF(AND(OR(Q70="Bid Submitted",Q70="Budget Submitted",Q70="ROM Submitted"),X70=""),"MISSING","OK"))) -> OK | AF70: =IF(TRIM(IF(B70="","[Missing Project Name] ","")&IF(C70="","[Missing GC] ","")&IF(I70="","[Missing Plumb Estimator] ","")&IF(AND(Q70<>"In Progress",Q70<>"No Bid",Q70<>"On Hold",P70=""),"[Missing Bid Amount] ","")&IF(AND(Q70="Awarded",R70=""),"[Awarded-No Award Amount] ","")&IF(AND(Q70="Lost",U70=""),"[Lost-No Lost Reason] ","")&IF(AND(OR(Q70="Bid Submitted",Q70="Budget Submitted"),X70=""),"[Pending-No Follow-Up Date] ","")&IF(AND(OR(Q70="Bid Submitted",Q70="Budget Submitted"),Y70=""),"[Pending-No Follow-Up Owner] ","")&IF(AND(L70<>"",L70<TODAY(),OR(Q70="In Progress",Q70="")),"[Bid Due Date Passed] ",""))="","OK",TRIM(IF(B70="","[Missing Project Name] ","")&IF(C70="","[Missing GC] ","")&IF(I70="","[Missing Plumb Estimator] ","")&IF(AND(Q70<>"In Progress",Q70<>"No Bid",Q70<>"On Hold",P70=""),"[Missing Bid Amount] ","")&IF(AND(Q70="Awarded",R70=""),"[Awarded-No Award Amount] ","")&IF(AND(Q70="Lost",U70=""),"[Lost-No Lost Reason] ","")&IF(AND(OR(Q70="Bid Submitted",Q70="Budget Submitted"),X70=""),"[Pending-No Follow-Up Date] ","")&IF(AND(OR(Q70="Bid Submitted",Q70="Budget Submitted"),Y70=""),"[Pending-No Follow-Up Owner] ","")&IF(AND(L70<>"",L70<TODAY(),OR(Q70="In Progress",Q70="")),"[Bid Due Date Passed] ",""))) -> [Missing GC] [Lost-No Lost Reason]
A71: ASM-2026-070 | B71: Jordan Valley | D71: West Jordan, UT | E71: Multi-Family | F71: Plumbing Only | G71: Hard Bid | H71: Hard Bid | I71: Cristhian | K71: 46045.292 | N71: 6489325 | P71: =IFERROR(IF(AND(N71="",O71=""),"",IFERROR(N71,0)+IFERROR(O71,0)),"") -> 6489325 | Q71: Lost | W71: 0 | AB71: =IFERROR(VLOOKUP(A71,'Go-No-Go'!$A:$M,12,0),"") | AC71: =IFERROR(VLOOKUP(A71,'Go-No-Go'!$A:$N,14,0),"") | AD71: =IF(OR(Q71="Bid Submitted",Q71="Budget Submitted",Q71="ROM Submitted",Q71="In Progress"),IF(M71<>"",TODAY()-M71,IF(K71<>"",TODAY()-K71,"")),"") | AE71: =IF(AND(OR(Q71="Bid Submitted",Q71="Budget Submitted",Q71="ROM Submitted"),X71<>"",X71<TODAY()),"OVERDUE",IF(AND(OR(Q71="Bid Submitted",Q71="Budget Submitted",Q71="ROM Submitted"),X71<>"",X71<=TODAY()+3),"DUE SOON",IF(AND(OR(Q71="Bid Submitted",Q71="Budget Submitted",Q71="ROM Submitted"),X71=""),"MISSING","OK"))) -> OK | AF71: =IF(TRIM(IF(B71="","[Missing Project Name] ","")&IF(C71="","[Missing GC] ","")&IF(I71="","[Missing Plumb Estimator] ","")&IF(AND(Q71<>"In Progress",Q71<>"No Bid",Q71<>"On Hold",P71=""),"[Missing Bid Amount] ","")&IF(AND(Q71="Awarded",R71=""),"[Awarded-No Award Amount] ","")&IF(AND(Q71="Lost",U71=""),"[Lost-No Lost Reason] ","")&IF(AND(OR(Q71="Bid Submitted",Q71="Budget Submitted"),X71=""),"[Pending-No Follow-Up Date] ","")&IF(AND(OR(Q71="Bid Submitted",Q71="Budget Submitted"),Y71=""),"[Pending-No Follow-Up Owner] ","")&IF(AND(L71<>"",L71<TODAY(),OR(Q71="In Progress",Q71="")),"[Bid Due Date Passed] ",""))="","OK",TRIM(IF(B71="","[Missing Project Name] ","")&IF(C71="","[Missing GC] ","")&IF(I71="","[Missing Plumb Estimator] ","")&IF(AND(Q71<>"In Progress",Q71<>"No Bid",Q71<>"On Hold",P71=""),"[Missing Bid Amount] ","")&IF(AND(Q71="Awarded",R71=""),"[Awarded-No Award Amount] ","")&IF(AND(Q71="Lost",U71=""),"[Lost-No Lost Reason] ","")&IF(AND(OR(Q71="Bid Submitted",Q71="Budget Submitted"),X71=""),"[Pending-No Follow-Up Date] ","")&IF(AND(OR(Q71="Bid Submitted",Q71="Budget Submitted"),Y71=""),"[Pending-No Follow-Up Owner] ","")&IF(AND(L71<>"",L71<TODAY(),OR(Q71="In Progress",Q71="")),"[Bid Due Date Passed] ",""))) -> [Missing GC] [Lost-No Lost Reason]
A72: ASM-2026-071 | B72: Holladay Parking | D72: Holladay, UT | E72: Multi-Family | F72: Plumbing Only | G72: Hard Bid | H72: Hard Bid | I72: Cristhian | K72: 46051.292 | N72: 158514 | P72: =IFERROR(IF(AND(N72="",O72=""),"",IFERROR(N72,0)+IFERROR(O72,0)),"") -> 158514 | Q72: Lost | W72: 0 | AB72: =IFERROR(VLOOKUP(A72,'Go-No-Go'!$A:$M,12,0),"") | AC72: =IFERROR(VLOOKUP(A72,'Go-No-Go'!$A:$N,14,0),"") | AD72: =IF(OR(Q72="Bid Submitted",Q72="Budget Submitted",Q72="ROM Submitted",Q72="In Progress"),IF(M72<>"",TODAY()-M72,IF(K72<>"",TODAY()-K72,"")),"") | AE72: =IF(AND(OR(Q72="Bid Submitted",Q72="Budget Submitted",Q72="ROM Submitted"),X72<>"",X72<TODAY()),"OVERDUE",IF(AND(OR(Q72="Bid Submitted",Q72="Budget Submitted",Q72="ROM Submitted"),X72<>"",X72<=TODAY()+3),"DUE SOON",IF(AND(OR(Q72="Bid Submitted",Q72="Budget Submitted",Q72="ROM Submitted"),X72=""),"MISSING","OK"))) -> OK | AF72: =IF(TRIM(IF(B72="","[Missing Project Name] ","")&IF(C72="","[Missing GC] ","")&IF(I72="","[Missing Plumb Estimator] ","")&IF(AND(Q72<>"In Progress",Q72<>"No Bid",Q72<>"On Hold",P72=""),"[Missing Bid Amount] ","")&IF(AND(Q72="Awarded",R72=""),"[Awarded-No Award Amount] ","")&IF(AND(Q72="Lost",U72=""),"[Lost-No Lost Reason] ","")&IF(AND(OR(Q72="Bid Submitted",Q72="Budget Submitted"),X72=""),"[Pending-No Follow-Up Date] ","")&IF(AND(OR(Q72="Bid Submitted",Q72="Budget Submitted"),Y72=""),"[Pending-No Follow-Up Owner] ","")&IF(AND(L72<>"",L72<TODAY(),OR(Q72="In Progress",Q72="")),"[Bid Due Date Passed] ",""))="","OK",TRIM(IF(B72="","[Missing Project Name] ","")&IF(C72="","[Missing GC] ","")&IF(I72="","[Missing Plumb Estimator] ","")&IF(AND(Q72<>"In Progress",Q72<>"No Bid",Q72<>"On Hold",P72=""),"[Missing Bid Amount] ","")&IF(AND(Q72="Awarded",R72=""),"[Awarded-No Award Amount] ","")&IF(AND(Q72="Lost",U72=""),"[Lost-No Lost Reason] ","")&IF(AND(OR(Q72="Bid Submitted",Q72="Budget Submitted"),X72=""),"[Pending-No Follow-Up Date] ","")&IF(AND(OR(Q72="Bid Submitted",Q72="Budget Submitted"),Y72=""),"[Pending-No Follow-Up Owner] ","")&IF(AND(L72<>"",L72<TODAY(),OR(Q72="In Progress",Q72="")),"[Bid Due Date Passed] ",""))) -> [Missing GC] [Lost-No Lost Reason]
A73: ASM-2026-072 | B73: SLC Student Housing | C73: Headwaters | D73: Salt Lake City, UT | E73: Multi-Family | F73: Full Mechanical | G73: Hard Bid | H73: Hard Bid | I73: Cristhian | J73: Stephen | K73: 46072.292 | N73: 6729530 | O73: 4268902 | P73: =IFERROR(IF(AND(N73="",O73=""),"",IFERROR(N73,0)+IFERROR(O73,0)),"") -> 10998432 | Q73: Lost | S73: Shamrock Plumbing | T73: 6500000 | U73: Price | W73: 0 | Z73: 46121.25 | AA73: GC: Headwaters | AB73: =IFERROR(VLOOKUP(A73,'Go-No-Go'!$A:$M,12,0),"") | AC73: =IFERROR(VLOOKUP(A73,'Go-No-Go'!$A:$N,14,0),"") | AD73: =IF(OR(Q73="Bid Submitted",Q73="Budget Submitted",Q73="ROM Submitted",Q73="In Progress"),IF(M73<>"",TODAY()-M73,IF(K73<>"",TODAY()-K73,"")),"") | AE73: =IF(AND(OR(Q73="Bid Submitted",Q73="Budget Submitted",Q73="ROM Submitted"),X73<>"",X73<TODAY()),"OVERDUE",IF(AND(OR(Q73="Bid Submitted",Q73="Budget Submitted",Q73="ROM Submitted"),X73<>"",X73<=TODAY()+3),"DUE SOON",IF(AND(OR(Q73="Bid Submitted",Q73="Budget Submitted",Q73="ROM Submitted"),X73=""),"MISSING","OK"))) -> OK | AF73: =IF(TRIM(IF(B73="","[Missing Project Name] ","")&IF(C73="","[Missing GC] ","")&IF(I73="","[Missing Plumb Estimator] ","")&IF(AND(Q73<>"In Progress",Q73<>"No Bid",Q73<>"On Hold",P73=""),"[Missing Bid Amount] ","")&IF(AND(Q73="Awarded",R73=""),"[Awarded-No Award Amount] ","")&IF(AND(Q73="Lost",U73=""),"[Lost-No Lost Reason] ","")&IF(AND(OR(Q73="Bid Submitted",Q73="Budget Submitted"),X73=""),"[Pending-No Follow-Up Date] ","")&IF(AND(OR(Q73="Bid Submitted",Q73="Budget Submitted"),Y73=""),"[Pending-No Follow-Up Owner] ","")&IF(AND(L73<>"",L73<TODAY(),OR(Q73="In Progress",Q73="")),"[Bid Due Date Passed] ",""))="","OK",TRIM(IF(B73="","[Missing Project Name] ","")&IF(C73="","[Missing GC] ","")&IF(I73="","[Missing Plumb Estimator] ","")&IF(AND(Q73<>"In Progress",Q73<>"No Bid",Q73<>"On Hold",P73=""),"[Missing Bid Amount] ","")&IF(AND(Q73="Awarded",R73=""),"[Awarded-No Award Amount] ","")&IF(AND(Q73="Lost",U73=""),"[Lost-No Lost Reason] ","")&IF(AND(OR(Q73="Bid Submitted",Q73="Budget Submitted"),X73=""),"[Pending-No Follow-Up Date] ","")&IF(AND(OR(Q73="Bid Submitted",Q73="Budget Submitted"),Y73=""),"[Pending-No Follow-Up Owner] ","")&IF(AND(L73<>"",L73<TODAY(),OR(Q73="In Progress",Q73="")),"[Bid Due Date Passed] ",""))) -> OK
A74: ASM-2026-073 | B74: Lakeside Apartments | C74: Rimrock | E74: Multi-Family | F74: Full Mechanical | G74: Hard Bid | H74: Hard Bid | I74: Cristhian | J74: Stephen | K74: 46114.25 | N74: 5358517 | O74: 3970420 | P74: =IFERROR(IF(AND(N74="",O74=""),"",IFERROR(N74,0)+IFERROR(O74,0)),"") -> 9328937 | Q74: Lost | S74: Harris Mechanical & Shamrock | T74: 7858517 | U74: Price | W74: 0 | Z74: 46147.25 | AA74: GC: Rimrock | AB74: =IFERROR(VLOOKUP(A74,'Go-No-Go'!$A:$M,12,0),"") | AC74: =IFERROR(VLOOKUP(A74,'Go-No-Go'!$A:$N,14,0),"") | AD74: =IF(OR(Q74="Bid Submitted",Q74="Budget Submitted",Q74="ROM Submitted",Q74="In Progress"),IF(M74<>"",TODAY()-M74,IF(K74<>"",TODAY()-K74,"")),"") | AE74: =IF(AND(OR(Q74="Bid Submitted",Q74="Budget Submitted",Q74="ROM Submitted"),X74<>"",X74<TODAY()),"OVERDUE",IF(AND(OR(Q74="Bid Submitted",Q74="Budget Submitted",Q74="ROM Submitted"),X74<>"",X74<=TODAY()+3),"DUE SOON",IF(AND(OR(Q74="Bid Submitted",Q74="Budget Submitted",Q74="ROM Submitted"),X74=""),"MISSING","OK"))) -> OK | AF74: =IF(TRIM(IF(B74="","[Missing Project Name] ","")&IF(C74="","[Missing GC] ","")&IF(I74="","[Missing Plumb Estimator] ","")&IF(AND(Q74<>"In Progress",Q74<>"No Bid",Q74<>"On Hold",P74=""),"[Missing Bid Amount] ","")&IF(AND(Q74="Awarded",R74=""),"[Awarded-No Award Amount] ","")&IF(AND(Q74="Lost",U74=""),"[Lost-No Lost Reason] ","")&IF(AND(OR(Q74="Bid Submitted",Q74="Budget Submitted"),X74=""),"[Pending-No Follow-Up Date] ","")&IF(AND(OR(Q74="Bid Submitted",Q74="Budget Submitted"),Y74=""),"[Pending-No Follow-Up Owner] ","")&IF(AND(L74<>"",L74<TODAY(),OR(Q74="In Progress",Q74="")),"[Bid Due Date Passed] ",""))="","OK",TRIM(IF(B74="","[Missing Project Name] ","")&IF(C74="","[Missing GC] ","")&IF(I74="","[Missing Plumb Estimator] ","")&IF(AND(Q74<>"In Progress",Q74<>"No Bid",Q74<>"On Hold",P74=""),"[Missing Bid Amount] ","")&IF(AND(Q74="Awarded",R74=""),"[Awarded-No Award Amount] ","")&IF(AND(Q74="Lost",U74=""),"[Lost-No Lost Reason] ","")&IF(AND(OR(Q74="Bid Submitted",Q74="Budget Submitted"),X74=""),"[Pending-No Follow-Up Date] ","")&IF(AND(OR(Q74="Bid Submitted",Q74="Budget Submitted"),Y74=""),"[Pending-No Follow-Up Owner] ","")&IF(AND(L74<>"",L74<TODAY(),OR(Q74="In Progress",Q74="")),"[Bid Due Date Passed] ",""))) -> OK

Sheet Go-No-Go
A1: Bid ID | B1: Project Name | C1: GC | D1: GC Relationship (1-5) | E1: Project Fit (1-5) | F1: Drawing Quality (1-5) | G1: Schedule Risk (1-5) | H1: Labor Available (1-5) | I1: Margin Potential (1-5) | J1: Strategic Value (1-5) | K1: Competition (1-5) | L1: Total Score (/40) | M1: Score % | N1: Recommendation
A2: SCORING GUIDE → | D2: 5 = Strong / partner GC | E2: 5 = Ideal project type & size | F2: 5 = Complete clear drawings | G2: 5 = Low risk flexible sched | H2: 5 = Crew fully available | I2: 5 = Strong margin opp. | J2: 5 = High strategic importance | K2: 5 = Low competition / sole-src
A3: ASM-2026-001 | B3: =IFERROR(VLOOKUP(A3,'Bid Log'!$A:$B,2,0),"") -> SLCC LAB Remodel | C3: =IFERROR(VLOOKUP(A3,'Bid Log'!$A:$C,3,0),"") -> Judd | D3: 4 | E3: 5 | F3: 4 | G3: 4 | H3: 4 | I3: 4 | J3: 4 | K3: 3 | L3: =SUM(D3:K3) -> 32 | M3: =IF(L3>0,L3/40,"") -> 0.8 | N3: =IF(M3="","",IF(M3>=0.7,"Go",IF(M3>=0.5,"Review","No-Go"))) -> Go
A4: ASM-2026-003 | B4: =IFERROR(VLOOKUP(A4,'Bid Log'!$A:$B,2,0),"") -> Everhome Suites | C4: =IFERROR(VLOOKUP(A4,'Bid Log'!$A:$C,3,0),"") -> Big-D | D4: 3 | E4: 5 | F4: 3 | G4: 3 | H4: 4 | I4: 4 | J4: 5 | K4: 3 | L4: =SUM(D4:K4) -> 30 | M4: =IF(L4>0,L4/40,"") -> 0.75 | N4: =IF(M4="","",IF(M4>=0.7,"Go",IF(M4>=0.5,"Review","No-Go"))) -> Go
A5: ASM-2026-005 | B5: =IFERROR(VLOOKUP(A5,'Bid Log'!$A:$B,2,0),"") -> Crown Apt Remodel | C5: =IFERROR(VLOOKUP(A5,'Bid Log'!$A:$C,3,0),"") -> Lotus | D5: 5 | E5: 5 | F5: 4 | G5: 4 | H5: 5 | I5: 4 | J5: 5 | K5: 4 | L5: =SUM(D5:K5) -> 36 | M5: =IF(L5>0,L5/40,"") -> 0.9 | N5: =IF(M5="","",IF(M5>=0.7,"Go",IF(M5>=0.5,"Review","No-Go"))) -> Go
A6: ASM-2026-007 | B6: =IFERROR(VLOOKUP(A6,'Bid Log'!$A:$B,2,0),"") -> Jordan Valley Lots 8, 9, 10 | C6: =IFERROR(VLOOKUP(A6,'Bid Log'!$A:$C,3,0),"") -> BCC | D6: 2 | E6: 4 | F6: 3 | G6: 3 | H6: 3 | I6: 4 | J6: 5 | K6: 2 | L6: =SUM(D6:K6) -> 26 | M6: =IF(L6>0,L6/40,"") -> 0.65 | N6: =IF(M6="","",IF(M6>=0.7,"Go",IF(M6>=0.5,"Review","No-Go"))) -> Review
A7: ASM-2026-009 | B7: =IFERROR(VLOOKUP(A7,'Bid Log'!$A:$B,2,0),"") -> Antelope Station | C7: =IFERROR(VLOOKUP(A7,'Bid Log'!$A:$C,3,0),"") -> Revival Development | D7: 3 | E7: 4 | F7: 5 | G7: 4 | H7: 3 | I7: 4 | J7: 3 | K7: 3 | L7: =SUM(D7:K7) -> 29 | M7: =IF(L7>0,L7/40,"") -> 0.725 | N7: =IF(M7="","",IF(M7>=0.7,"Go",IF(M7>=0.5,"Review","No-Go"))) -> Go
A8: ASM-2026-011 | B8: =IFERROR(VLOOKUP(A8,'Bid Log'!$A:$B,2,0),"") -> HH Parking Structure | C8: =IFERROR(VLOOKUP(A8,'Bid Log'!$A:$C,3,0),"") -> Wadman | D8: 3 | E8: 3 | F8: 2 | G8: 4 | H8: 4 | I8: 3 | J8: 3 | K8: 4 | L8: =SUM(D8:K8) -> 26 | M8: =IF(L8>0,L8/40,"") -> 0.65 | N8: =IF(M8="","",IF(M8>=0.7,"Go",IF(M8>=0.5,"Review","No-Go"))) -> Review
A9: ASM-2026-012 | B9: =IFERROR(VLOOKUP(A9,'Bid Log'!$A:$B,2,0),"") -> The Royce | C9: =IFERROR(VLOOKUP(A9,'Bid Log'!$A:$C,3,0),"") -> Wadman | D9: 4 | E9: 4 | F9: 3 | G9: 2 | H9: 3 | I9: 5 | J9: 5 | K9: 3 | L9: =SUM(D9:K9) -> 29 | M9: =IF(L9>0,L9/40,"") -> 0.725 | N9: =IF(M9="","",IF(M9>=0.7,"Go",IF(M9>=0.5,"Review","No-Go"))) -> Go
A10: ASM-2026-013 | B10: =IFERROR(VLOOKUP(A10,'Bid Log'!$A:$B,2,0),"") -> Crossroads Urban Center | C10: =IFERROR(VLOOKUP(A10,'Bid Log'!$A:$C,3,0),"") -> Cameron | D10: 3 | E10: 4 | F10: 3 | G10: 4 | H10: 4 | I10: 4 | J10: 4 | K10: 4 | L10: =SUM(D10:K10) -> 30 | M10: =IF(L10>0,L10/40,"") -> 0.75 | N10: =IF(M10="","",IF(M10>=0.7,"Go",IF(M10>=0.5,"Review","No-Go"))) -> Go
A11: ASM-2026-015 | B11: =IFERROR(VLOOKUP(A11,'Bid Log'!$A:$B,2,0),"") -> Goodyear Flex Bldg | C11: =IFERROR(VLOOKUP(A11,'Bid Log'!$A:$C,3,0),"") -> Campbell | D11: 2 | E11: 5 | F11: 2 | G11: 2 | H11: 3 | I11: 5 | J11: 5 | K11: 2 | L11: =SUM(D11:K11) -> 26 | M11: =IF(L11>0,L11/40,"") -> 0.65 | N11: =IF(M11="","",IF(M11>=0.7,"Go",IF(M11>=0.5,"Review","No-Go"))) -> Review
A13: SCORING KEY: Each category scored 1–5. Max = 40. | GO = 70%+ (≥28 pts) | REVIEW = 50–69% (20–27 pts) | NO-GO = below 50% (<20 pts)

Sheet Friday Meeting
B1: ="ASM FRIDAY ESTIMATING MEETING | "&TEXT(TODAY(),"mmmm d, yyyy") -> ASM FRIDAY ESTIMATING MEETING | May 13, 2026
B2: Review each section with the team. Use the Bid Log AutoFilter to pull detailed lists for each item.
B4: 1. BIDS DUE IN NEXT 14 DAYS
B5: Bids due in next 7 days (In Progress) | E5: =COUNTIFS('Bid Log'!L:L,">="&TODAY(),'Bid Log'!L:L,"<="&TODAY()+7,'Bid Log'!Q:Q,"In Progress") -> 0
B6: Bids due in days 8–14 (In Progress) | E6: =COUNTIFS('Bid Log'!L:L,">="&TODAY()+8,'Bid Log'!L:L,"<="&TODAY()+14,'Bid Log'!Q:Q,"In Progress") -> 0
B7: Total bid volume due in next 14 days | E7: =IFERROR(SUMIFS('Bid Log'!P:P,'Bid Log'!L:L,">="&TODAY(),'Bid Log'!L:L,"<="&TODAY()+14,'Bid Log'!Q:Q,"In Progress"),0) -> 0
B8: ▶ Filter Bid Log: Status = In Progress | Bid Due Date between today and today+14
B10: 2. FOLLOW-UP STATUS
B11: Follow-ups OVERDUE | E11: =COUNTIF('Bid Log'!AE:AE,"OVERDUE") -> 0
B12: Follow-ups due this week (3 days) | E12: =COUNTIF('Bid Log'!AE:AE,"DUE SOON") -> 0
B13: Pending bids with NO follow-up date | E13: =COUNTIF('Bid Log'!AE:AE,"MISSING") -> 51
B14: Pending bids older than 30 days | E14: =COUNTIFS('Bid Log'!AD:AD,">30",'Bid Log'!AD:AD,"<>") -> 48
B15: Pending bids older than 60 days (URGENT) | E15: =COUNTIFS('Bid Log'!AD:AD,">60",'Bid Log'!AD:AD,"<>") -> 31
B16: ▶ Filter Bid Log: Follow-Up Status = OVERDUE | Sort: Next Follow-Up Date ascending
B18: 3. EXPECTED AWARDS THIS MONTH
B19: Bids expecting award this month | E19: =COUNTIFS('Bid Log'!V:V,">="&DATE(YEAR(TODAY()),MONTH(TODAY()),1),'Bid Log'!V:V,"<="&EOMONTH(TODAY(),0),'Bid Log'!Q:Q,"Bid Submitted") -> 0
B20: Expected award volume this month | E20: =IFERROR(SUMPRODUCT((MONTH('Bid Log'!V2:V2001)=MONTH(TODAY()))*(YEAR('Bid Log'!V2:V2001)=YEAR(TODAY()))*('Bid Log'!Q2:Q2001="Bid Submitted")*'Bid Log'!P2:P2001),0) -> 0
B21: High-probability pending bids (≥70%) | E21: =IFERROR(SUMPRODUCT((('Bid Log'!Q2:Q2001="Bid Submitted")+('Bid Log'!Q2:Q2001="Budget Submitted")>0)*('Bid Log'!W2:W2001>=0.7)),0) -> 0
B22: High-probability pending volume (≥70%) | E22: =IFERROR(SUMPRODUCT((('Bid Log'!Q2:Q2001="Bid Submitted")+('Bid Log'!Q2:Q2001="Budget Submitted")>0)*('Bid Log'!W2:W2001>=0.7)*'Bid Log'!P2:P2001),0) -> 0
B23: ▶ Filter Bid Log: Status = Bid Submitted | Expected Award Date = this month | Sort: Probability descending
B25: 4. GO / NO-GO ITEMS TO REVIEW
B26: Bids scored No-Go in Go-No-Go tab | E26: =COUNTIF('Bid Log'!AC:AC,"No-Go") -> 0
B27: Bids scored Review (decision needed) | E27: =COUNTIF('Bid Log'!AC:AC,"Review") -> 3
B28: Active bids with no Go/No-Go score | E28: =COUNTIFS('Bid Log'!Q:Q,"In Progress",'Bid Log'!AB:AB,"") -> 6
B29: ▶ Go to Go-No-Go tab | Filter Bid Log: Go/No-Go Rec = No-Go or Review
B31: 5. RECENT AWARDS & LOSSES (LAST 30 DAYS)
B32: Jobs awarded in last 30 days (count) | E32: =COUNTIFS('Bid Log'!Z:Z,">="&TODAY()-30,'Bid Log'!Q:Q,"Awarded") -> 0
B33: Jobs awarded in last 30 days (volume) | E33: =IFERROR(SUMPRODUCT(('Bid Log'!Z2:Z2001>=TODAY()-30)*('Bid Log'!Q2:Q2001="Awarded")*'Bid Log'!R2:R2001),0) -> 0
B34: Jobs lost in last 30 days (count) | E34: =COUNTIFS('Bid Log'!Z:Z,">="&TODAY()-30,'Bid Log'!Q:Q,"Lost") -> 5
B35: Jobs lost in last 30 days (volume) | E35: =IFERROR(SUMPRODUCT(('Bid Log'!Z2:Z2001>=TODAY()-30)*('Bid Log'!Q2:Q2001="Lost")*'Bid Log'!P2:P2001),0) -> 0
B36: ▶ Filter Bid Log: Status = Awarded or Lost | Last Contact Date >= today-30
B38: 6. ESTIMATOR WORKLOAD SNAPSHOT
C39: Estimator | D39: Active Bids | E39: Active Volume | F39: Due Next 14 Days
C40: Patrick | D40: =COUNTIFS('Bid Log'!I:I,"Patrick",'Bid Log'!Q:Q,"Bid Submitted")+COUNTIFS('Bid Log'!I:I,"Patrick",'Bid Log'!Q:Q,"Budget Submitted")+COUNTIFS('Bid Log'!I:I,"Patrick",'Bid Log'!Q:Q,"In Progress") -> 35 | E40: =IFERROR(SUMIFS('Bid Log'!P:P,'Bid Log'!I:I,"Patrick",'Bid Log'!Q:Q,"Bid Submitted")+SUMIFS('Bid Log'!P:P,'Bid Log'!I:I,"Patrick",'Bid Log'!Q:Q,"Budget Submitted")+SUMIFS('Bid Log'!P:P,'Bid Log'!I:I,"Patrick",'Bid Log'!Q:Q,"In Progress"),0) -> 94086665 | F40: =COUNTIFS('Bid Log'!I:I,"Patrick",'Bid Log'!L:L,">="&TODAY(),'Bid Log'!L:L,"<="&TODAY()+14) -> 0
C41: Cristhian | D41: =COUNTIFS('Bid Log'!I:I,"Cristhian",'Bid Log'!Q:Q,"Bid Submitted")+COUNTIFS('Bid Log'!I:I,"Cristhian",'Bid Log'!Q:Q,"Budget Submitted")+COUNTIFS('Bid Log'!I:I,"Cristhian",'Bid Log'!Q:Q,"In Progress") -> 16 | E41: =IFERROR(SUMIFS('Bid Log'!P:P,'Bid Log'!I:I,"Cristhian",'Bid Log'!Q:Q,"Bid Submitted")+SUMIFS('Bid Log'!P:P,'Bid Log'!I:I,"Cristhian",'Bid Log'!Q:Q,"Budget Submitted")+SUMIFS('Bid Log'!P:P,'Bid Log'!I:I,"Cristhian",'Bid Log'!Q:Q,"In Progress"),0) -> 70533245 | F41: =COUNTIFS('Bid Log'!I:I,"Cristhian",'Bid Log'!L:L,">="&TODAY(),'Bid Log'!L:L,"<="&TODAY()+14) -> 0
C42: Les | D42: =COUNTIFS('Bid Log'!I:I,"Les",'Bid Log'!Q:Q,"Bid Submitted")+COUNTIFS('Bid Log'!I:I,"Les",'Bid Log'!Q:Q,"Budget Submitted")+COUNTIFS('Bid Log'!I:I,"Les",'Bid Log'!Q:Q,"In Progress") -> 4 | E42: =IFERROR(SUMIFS('Bid Log'!P:P,'Bid Log'!I:I,"Les",'Bid Log'!Q:Q,"Bid Submitted")+SUMIFS('Bid Log'!P:P,'Bid Log'!I:I,"Les",'Bid Log'!Q:Q,"Budget Submitted")+SUMIFS('Bid Log'!P:P,'Bid Log'!I:I,"Les",'Bid Log'!Q:Q,"In Progress"),0) -> 16252808 | F42: =COUNTIFS('Bid Log'!I:I,"Les",'Bid Log'!L:L,">="&TODAY(),'Bid Log'!L:L,"<="&TODAY()+14) -> 0
C43: Sam | D43: =COUNTIFS('Bid Log'!I:I,"Sam",'Bid Log'!Q:Q,"Bid Submitted")+COUNTIFS('Bid Log'!I:I,"Sam",'Bid Log'!Q:Q,"Budget Submitted")+COUNTIFS('Bid Log'!I:I,"Sam",'Bid Log'!Q:Q,"In Progress") -> 2 | E43: =IFERROR(SUMIFS('Bid Log'!P:P,'Bid Log'!I:I,"Sam",'Bid Log'!Q:Q,"Bid Submitted")+SUMIFS('Bid Log'!P:P,'Bid Log'!I:I,"Sam",'Bid Log'!Q:Q,"Budget Submitted")+SUMIFS('Bid Log'!P:P,'Bid Log'!I:I,"Sam",'Bid Log'!Q:Q,"In Progress"),0) -> 13847000 | F43: =COUNTIFS('Bid Log'!I:I,"Sam",'Bid Log'!L:L,">="&TODAY(),'Bid Log'!L:L,"<="&TODAY()+14) -> 0
C44: No Bid | D44: =COUNTIFS('Bid Log'!I:I,"No Bid",'Bid Log'!Q:Q,"Bid Submitted")+COUNTIFS('Bid Log'!I:I,"No Bid",'Bid Log'!Q:Q,"Budget Submitted")+COUNTIFS('Bid Log'!I:I,"No Bid",'Bid Log'!Q:Q,"In Progress") -> 0 | E44: =IFERROR(SUMIFS('Bid Log'!P:P,'Bid Log'!I:I,"No Bid",'Bid Log'!Q:Q,"Bid Submitted")+SUMIFS('Bid Log'!P:P,'Bid Log'!I:I,"No Bid",'Bid Log'!Q:Q,"Budget Submitted")+SUMIFS('Bid Log'!P:P,'Bid Log'!I:I,"No Bid",'Bid Log'!Q:Q,"In Progress"),0) -> 0 | F44: =COUNTIFS('Bid Log'!I:I,"No Bid",'Bid Log'!L:L,">="&TODAY(),'Bid Log'!L:L,"<="&TODAY()+14) -> 0
B45: ALERT: Any estimator with 3+ active bids AND 2+ due in the next 14 days is at capacity. Discuss workload rebalancing at this meeting.

Sheet Follow-Up Control
B1: ASM — FOLLOW-UP CONTROL CENTER
B2: Use this tab to manage follow-up on pending bids. All data pulls from the Bid Log.
B4: FOLLOW-UP SUMMARY
B5: Total pending bids (Bid/Budget/ROM Submitted + In Progress) | F5: =COUNTIF('Bid Log'!Q:Q,"Bid Submitted")+COUNTIF('Bid Log'!Q:Q,"Budget Submitted")+COUNTIF('Bid Log'!Q:Q,"ROM Submitted")+COUNTIF('Bid Log'!Q:Q,"In Progress") -> 57
B6: Follow-ups OVERDUE | F6: =COUNTIF('Bid Log'!AE:AE,"OVERDUE") -> 0
B7: Follow-ups DUE within 3 days | F7: =COUNTIF('Bid Log'!AE:AE,"DUE SOON") -> 0
B8: Pending bids with NO follow-up date | F8: =COUNTIF('Bid Log'!AE:AE,"MISSING") -> 51
B9: Pending bids with NO follow-up owner | F9: =COUNTIFS('Bid Log'!Y:Y,"",'Bid Log'!Q:Q,"Bid Submitted")+COUNTIFS('Bid Log'!Y:Y,"",'Bid Log'!Q:Q,"Budget Submitted") -> 51
B11: AGING — DAYS SINCE SUBMITTED OR RECEIVED
B12: Pending bids: 0–30 days old (count) | F12: =COUNTIFS('Bid Log'!AD:AD,">0",'Bid Log'!AD:AD,"<=30") -> 8
B13: Pending bids: 31–60 days old (ATTENTION) | F13: =COUNTIFS('Bid Log'!AD:AD,">30",'Bid Log'!AD:AD,"<=60") -> 17
B14: Pending bids: over 60 days old (URGENT) | F14: =COUNTIFS('Bid Log'!AD:AD,">60",'Bid Log'!AD:AD,"<>") -> 31
B15: Pending volume: 0–30 days | F15: =IFERROR(SUMPRODUCT(('Bid Log'!AD2:AD2001>0)*('Bid Log'!AD2:AD2001<=30)*'Bid Log'!P2:P2001),0) -> 0
B16: Pending volume: 31–60 days | F16: =IFERROR(SUMPRODUCT(('Bid Log'!AD2:AD2001>30)*('Bid Log'!AD2:AD2001<=60)*'Bid Log'!P2:P2001),0) -> 0
B17: Pending volume: over 60 days | F17: =IFERROR(SUMPRODUCT(('Bid Log'!AD2:AD2001>60)*'Bid Log'!P2:P2001),0) -> 0
B19: HIGH-VALUE PENDING BIDS
B20: Pending bids over $1,000,000 (count) | F20: =COUNTIFS('Bid Log'!P:P,">1000000",'Bid Log'!Q:Q,"Bid Submitted")+COUNTIFS('Bid Log'!P:P,">1000000",'Bid Log'!Q:Q,"Budget Submitted") -> 29
B21: Total pending volume over $1M | F21: =IFERROR(SUMPRODUCT(('Bid Log'!P2:P2001>1000000)*(('Bid Log'!Q2:Q2001="Bid Submitted")+('Bid Log'!Q2:Q2001="Budget Submitted")>0)*'Bid Log'!P2:P2001),0) -> 0
B22: Bids over $500K with no follow-up date | F22: =IFERROR(SUMPRODUCT(('Bid Log'!P2:P2001>500000)*(('Bid Log'!Q2:Q2001="Bid Submitted")+('Bid Log'!Q2:Q2001="Budget Submitted")>0)*('Bid Log'!X2:X2001="")),0) -> 34
B24: FOLLOW-UP BY OWNER
C25: Follow-Up Owner | D25: Overdue | E25: Due Soon | F25: Missing Date | G25: Total Pending
C26: Patrick | D26: =COUNTIFS('Bid Log'!Y:Y,"Patrick",'Bid Log'!AE:AE,"OVERDUE") -> 0 | E26: =COUNTIFS('Bid Log'!Y:Y,"Patrick",'Bid Log'!AE:AE,"DUE SOON") -> 0 | F26: =COUNTIFS('Bid Log'!Y:Y,"Patrick",'Bid Log'!AE:AE,"MISSING") -> 0 | G26: =COUNTIFS('Bid Log'!Y:Y,"Patrick",'Bid Log'!Q:Q,"Bid Submitted")+COUNTIFS('Bid Log'!Y:Y,"Patrick",'Bid Log'!Q:Q,"Budget Submitted") -> 0
C27: Cristhian | D27: =COUNTIFS('Bid Log'!Y:Y,"Cristhian",'Bid Log'!AE:AE,"OVERDUE") -> 0 | E27: =COUNTIFS('Bid Log'!Y:Y,"Cristhian",'Bid Log'!AE:AE,"DUE SOON") -> 0 | F27: =COUNTIFS('Bid Log'!Y:Y,"Cristhian",'Bid Log'!AE:AE,"MISSING") -> 0 | G27: =COUNTIFS('Bid Log'!Y:Y,"Cristhian",'Bid Log'!Q:Q,"Bid Submitted")+COUNTIFS('Bid Log'!Y:Y,"Cristhian",'Bid Log'!Q:Q,"Budget Submitted") -> 0
C28: Les | D28: =COUNTIFS('Bid Log'!Y:Y,"Les",'Bid Log'!AE:AE,"OVERDUE") -> 0 | E28: =COUNTIFS('Bid Log'!Y:Y,"Les",'Bid Log'!AE:AE,"DUE SOON") -> 0 | F28: =COUNTIFS('Bid Log'!Y:Y,"Les",'Bid Log'!AE:AE,"MISSING") -> 0 | G28: =COUNTIFS('Bid Log'!Y:Y,"Les",'Bid Log'!Q:Q,"Bid Submitted")+COUNTIFS('Bid Log'!Y:Y,"Les",'Bid Log'!Q:Q,"Budget Submitted") -> 0
C29: Sam | D29: =COUNTIFS('Bid Log'!Y:Y,"Sam",'Bid Log'!AE:AE,"OVERDUE") -> 0 | E29: =COUNTIFS('Bid Log'!Y:Y,"Sam",'Bid Log'!AE:AE,"DUE SOON") -> 0 | F29: =COUNTIFS('Bid Log'!Y:Y,"Sam",'Bid Log'!AE:AE,"MISSING") -> 0 | G29: =COUNTIFS('Bid Log'!Y:Y,"Sam",'Bid Log'!Q:Q,"Bid Submitted")+COUNTIFS('Bid Log'!Y:Y,"Sam",'Bid Log'!Q:Q,"Budget Submitted") -> 0
C30: Stephen | D30: =COUNTIFS('Bid Log'!Y:Y,"Stephen",'Bid Log'!AE:AE,"OVERDUE") -> 0 | E30: =COUNTIFS('Bid Log'!Y:Y,"Stephen",'Bid Log'!AE:AE,"DUE SOON") -> 0 | F30: =COUNTIFS('Bid Log'!Y:Y,"Stephen",'Bid Log'!AE:AE,"MISSING") -> 0 | G30: =COUNTIFS('Bid Log'!Y:Y,"Stephen",'Bid Log'!Q:Q,"Bid Submitted")+COUNTIFS('Bid Log'!Y:Y,"Stephen",'Bid Log'!Q:Q,"Budget Submitted") -> 0
C31: VP Preconstruction | D31: =COUNTIFS('Bid Log'!Y:Y,"VP Preconstruction",'Bid Log'!AE:AE,"OVERDUE") -> 0 | E31: =COUNTIFS('Bid Log'!Y:Y,"VP Preconstruction",'Bid Log'!AE:AE,"DUE SOON") -> 0 | F31: =COUNTIFS('Bid Log'!Y:Y,"VP Preconstruction",'Bid Log'!AE:AE,"MISSING") -> 0 | G31: =COUNTIFS('Bid Log'!Y:Y,"VP Preconstruction",'Bid Log'!Q:Q,"Bid Submitted")+COUNTIFS('Bid Log'!Y:Y,"VP Preconstruction",'Bid Log'!Q:Q,"Budget Submitted") -> 0
C32: President | D32: =COUNTIFS('Bid Log'!Y:Y,"President",'Bid Log'!AE:AE,"OVERDUE") -> 0 | E32: =COUNTIFS('Bid Log'!Y:Y,"President",'Bid Log'!AE:AE,"DUE SOON") -> 0 | F32: =COUNTIFS('Bid Log'!Y:Y,"President",'Bid Log'!AE:AE,"MISSING") -> 0 | G32: =COUNTIFS('Bid Log'!Y:Y,"President",'Bid Log'!Q:Q,"Bid Submitted")+COUNTIFS('Bid Log'!Y:Y,"President",'Bid Log'!Q:Q,"Budget Submitted") -> 0

Sheet Data Quality
B1: ASM — DATA QUALITY REPORT
B2: Fix all flagged items before the Friday estimating meeting. Filter Bid Log: Data Quality Flag ≠ OK.
B4: REQUIRED FIELDS
B5: Check | C5: Count | D5: Status
B6: Bids missing Project Name | C6: =COUNTIFS('Bid Log'!A:A,"<>",'Bid Log'!B:B,"") -> 0 | D6: =IF(C6=0,"OK","*** FIX NEEDED") -> OK
B7: Bids missing General Contractor | C7: =COUNTIFS('Bid Log'!B:B,"<>",'Bid Log'!C:C,"") -> 11 | D7: =IF(C7=0,"OK","*** FIX NEEDED") -> *** FIX NEEDED
B8: Bids missing Plumb Estimator | C8: =COUNTIFS('Bid Log'!B:B,"<>",'Bid Log'!I:I,"") -> 1 | D8: =IF(C8=0,"OK","*** FIX NEEDED") -> *** FIX NEEDED
B9: Bids missing Bid Due Date | C9: =COUNTIFS('Bid Log'!B:B,"<>",'Bid Log'!L:L,"") -> 73 | D9: =IF(C9=0,"OK","*** FIX NEEDED") -> *** FIX NEEDED
B10: Bids missing Total Bid Amount | C10: =COUNTIFS('Bid Log'!B:B,"<>",'Bid Log'!P:P,"",'Bid Log'!Q:Q,"<>In Progress",'Bid Log'!Q:Q,"<>No Bid",'Bid Log'!Q:Q,"<>On Hold") -> 0 | D10: =IF(C10=0,"OK","*** FIX NEEDED") -> OK
B12: AWARDED BIDS
B13: Check | C13: Count | D13: Status
B14: Awarded bids with no Award Amount | C14: =COUNTIFS('Bid Log'!Q:Q,"Awarded",'Bid Log'!R:R,"") -> 0 | D14: =IF(C14=0,"OK","*** FIX NEEDED") -> OK
B16: LOST BIDS
B17: Check | C17: Count | D17: Status
B18: Lost bids with no Lost Reason | C18: =COUNTIFS('Bid Log'!Q:Q,"Lost",'Bid Log'!U:U,"") -> 9 | D18: =IF(C18=0,"OK","*** FIX NEEDED") -> *** FIX NEEDED
B20: FOLLOW-UP COMPLETENESS
B21: Check | C21: Count | D21: Status
B22: Pending bids with no Follow-Up Date | C22: =COUNTIF('Bid Log'!AE:AE,"MISSING") -> 51 | D22: =IF(C22=0,"OK","*** FIX NEEDED") -> *** FIX NEEDED
B23: Pending bids with no Follow-Up Owner | C23: =COUNTIFS('Bid Log'!Y:Y,"",'Bid Log'!Q:Q,"Bid Submitted")+COUNTIFS('Bid Log'!Y:Y,"",'Bid Log'!Q:Q,"Budget Submitted") -> 51 | D23: =IF(C23=0,"OK","*** FIX NEEDED") -> *** FIX NEEDED
B24: Follow-ups past due | C24: =COUNTIF('Bid Log'!AE:AE,"OVERDUE") -> 0 | D24: =IF(C24=0,"OK","*** FIX NEEDED") -> OK
B26: BID DUE DATE ALERTS
B27: Check | C27: Count | D27: Status
B28: Active bids with Bid Due Date already passed | C28: =COUNTIFS('Bid Log'!L:L,"<"&TODAY(),'Bid Log'!Q:Q,"In Progress") -> 0 | D28: =IF(C28=0,"OK","*** FIX NEEDED") -> OK
B29: Pending bids older than 60 days | C29: =COUNTIFS('Bid Log'!AD:AD,">60",'Bid Log'!AD:AD,"<>") -> 31 | D29: =IF(C29=0,"OK","*** FIX NEEDED") -> *** FIX NEEDED
B31: OVERALL SUMMARY
B32: Check | C32: Count | D32: Status
B33: Total rows with ANY data quality issue | C33: =COUNTIFS('Bid Log'!A:A,"<>",'Bid Log'!AF:AF,"<>OK") -> 64 | D33: =IF(C33=0,"OK","*** FIX NEEDED") -> *** FIX NEEDED

Sheet Settings
A1: ASM PRECONSTRUCTION PIPELINE TRACKER V9 — SETTINGS & DROPDOWN LISTS
A2: WARNING: Do not delete, reorder, or rename items in this tab. These lists control all dropdown menus in the Bid Log.
A4: PLUMB ESTIMATORS | C4: BID STATUS | E4: MARKET SEGMENTS | G4: SCOPE TYPES | I4: BID STAGES | K4: DELIVERY METHODS | M4: LOST REASONS | O4: GO / NO-GO | Q4: GENERAL CONTRACTORS | S4: FOLLOW-UP OWNERS | U4: HVAC ESTIMATORS
A5: Patrick | C5: In Progress | E5: Correctional | G5: Plumbing Only | I5: ROM | K5: Hard Bid | M5: Price | O5: Go | Q5: BCC | S5: Patrick | U5: Stephen
A6: Cristhian | C6: ROM Submitted | E6: Education | G6: HVAC Only | I6: Budget | K6: GMP | M6: Relationship | O6: Review | Q6: Big-D | S6: Cristhian | U6: No Bid
A7: Les | C7: Budget Submitted | E7: Federal / Government | G7: Full Mechanical | I7: DD | K7: Design-Build | M7: Scope Gap | O7: No-Go | Q7: Bonneville | S7: Les
A8: Sam | C8: Bid Submitted | E8: Food Service | G8: Design-Build | I8: Permit Set | K8: Negotiated | M8: Schedule Conflict | Q8: Brinkmann | S8: Sam
A9: No Bid | C9: Awarded | E9: Healthcare | G9: Service | I9: Hard Bid | K9: CM at Risk | M9: No Award | Q9: Cameron | S9: Stephen
C10: Lost | E10: Hotel / Resort | G10: Budget Only | I10: GMP | K10: JOC | M10: Withdrawn by Owner | Q10: Campbell | S10: VP Preconstruction
C11: No Bid | E11: Industrial / Manufacturing | I11: Design-Build | M11: Competition Too Strong | Q11: EK Bailey | S11: President
C12: On Hold | E12: Mission Critical | M12: Not Qualified | Q12: Engage Contracting
E13: Multi-Family | M13: Other | Q13: Forge Contractors
E14: Municipal | Q14: Fortis
E15: Professional Office | Q15: Gramoll
E16: Religious / Cultural | Q16: Headwaters
E17: Retail | Q17: HITT
E18: Transportation | Q18: Hughes
E19: Warehouse / Distribution | Q19: Jacobsen Construction
Q20: JN Beach
Q21: Judd
Q22: Kier
Q23: Layton
Q24: Lotus
Q25: MINT
Q26: Nabholz Construction
Q27: Poulson
Q28: R&O
Q29: Revival Development
Q30: Rimrock
Q31: Robinson
... Q39: Other

Sheet Instructions
B1: ASM PRECONSTRUCTION PIPELINE TRACKER V9 — INSTRUCTIONS & SOP
B3: WHO UPDATES THIS TRACKER
B4: Primary Owner | C4: The assigned estimator updates their own bids. The Preconstruction Manager or VP of Preconstruction reviews and spot-checks weekly.
B5: Backup / Admin | C5: If an estimator is unavailable, the Preconstruction Manager or office admin updates the tracker based on team notes.
B7: WHEN TO UPDATE
B8: Bid received | C8: Add a new row immediately. Fill in: Project Name, GC, Location, Market Segment, Scope Type, Bid Stage, Estimator, Bid Received Date, Bid Due Date. Set Status = In Progress.
B9: Bid submitted | C9: Update: Submitted Date, ASM Bid Amount, Status = Bid Submitted. Set Next Follow-Up Date (5–7 business days out). Assign Follow-Up Owner.
B10: Following up | C10: Update: Last Contact Date, Notes (brief summary). Reset Next Follow-Up Date to next expected contact date.
B11: Job awarded | C11: Update: Status = Awarded, ASM Awarded Amount, Last Contact Date. Clear follow-up fields.
